transaction_id,building_id,lease_id,transaction_date,type,amount,status,created_at
1,4,1.0,2023-11-23,Rent,1634.5,Paid,2023-11-23
2,4,1.0,2023-12-23,Rent,1634.5,Paid,2023-12-23
3,4,1.0,2024-01-22,Rent,1634.5,Paid,2024-01-22
4,4,1.0,2024-02-21,Rent,1634.5,Paid,2024-02-21
5,4,1.0,2024-03-22,Rent,1634.5,Paid,2024-03-22
6,4,1.0,2024-04-21,Rent,1634.5,Paid,2024-04-21
7,4,1.0,2024-05-21,Rent,1634.5,Paid,2024-05-21
8,4,1.0,2024-06-20,Rent,1634.5,Paid,2024-06-20
9,4,1.0,2024-07-20,Rent,1634.5,Paid,2024-07-20
10,4,1.0,2024-08-19,Rent,1634.5,Pending,2024-08-19
11,4,1.0,2024-09-18,Rent,1634.5,Paid,2024-09-18
12,4,1.0,2024-10-18,Rent,1634.5,Pending,2024-10-18
13,4,1.0,2024-11-17,Rent,1634.5,Paid,2024-11-17
14,4,1.0,2024-12-17,Rent,1634.5,Paid,2024-12-17
15,3,2.0,2022-01-26,Rent,456.17,Paid,2022-01-26
16,3,2.0,2022-02-25,Rent,456.17,Paid,2022-02-25
17,3,2.0,2022-03-27,Rent,456.17,Paid,2022-03-27
18,3,2.0,2022-04-26,Rent,456.17,Paid,2022-04-26
19,3,2.0,2022-05-26,Rent,456.17,Paid,2022-05-26
20,3,2.0,2022-06-25,Rent,456.17,Paid,2022-06-25
21,3,2.0,2022-07-25,Rent,456.17,Paid,2022-07-25
22,3,2.0,2022-08-24,Rent,456.17,Paid,2022-08-24
23,3,2.0,2022-09-23,Rent,456.17,Paid,2022-09-23
24,3,2.0,2022-10-23,Rent,456.17,Paid,2022-10-23
25,3,2.0,2022-11-22,Rent,456.17,Paid,2022-11-22
26,3,2.0,2022-12-22,Rent,456.17,Paid,2022-12-22
27,3,2.0,2023-01-21,Rent,456.17,Paid,2023-01-21
28,3,2.0,2023-02-20,Rent,456.17,Paid,2023-02-20
29,3,2.0,2023-03-22,Rent,456.17,Paid,2023-03-22
30,3,2.0,2023-04-21,Rent,456.17,Paid,2023-04-21
31,3,2.0,2023-05-21,Rent,456.17,Paid,2023-05-21
32,3,2.0,2023-06-20,Rent,456.17,Paid,2023-06-20
33,3,2.0,2023-07-20,Rent,456.17,Paid,2023-07-20
34,3,2.0,2023-08-19,Rent,456.17,Paid,2023-08-19
35,3,2.0,2023-09-18,Rent,456.17,Pending,2023-09-18
36,3,2.0,2023-10-18,Rent,456.17,Paid,2023-10-18
37,3,2.0,2023-11-17,Rent,456.17,Paid,2023-11-17
38,3,2.0,2023-12-17,Rent,456.17,Paid,2023-12-17
39,3,2.0,2024-01-16,Rent,456.17,Paid,2024-01-16
40,3,2.0,2024-02-15,Rent,456.17,Paid,2024-02-15
41,3,2.0,2024-03-16,Rent,456.17,Paid,2024-03-16
42,3,2.0,2024-04-15,Rent,456.17,Paid,2024-04-15
43,3,2.0,2024-05-15,Rent,456.17,Paid,2024-05-15
44,3,2.0,2024-06-14,Rent,456.17,Pending,2024-06-14
45,3,2.0,2024-07-14,Rent,456.17,Paid,2024-07-14
46,3,2.0,2024-08-13,Rent,456.17,Paid,2024-08-13
47,3,2.0,2024-09-12,Rent,456.17,Paid,2024-09-12
48,3,2.0,2024-10-12,Rent,456.17,Pending,2024-10-12
49,14,3.0,2022-12-02,Rent,659.78,Paid,2022-12-02
50,14,3.0,2023-01-01,Rent,659.78,Paid,2023-01-01
51,14,3.0,2023-01-31,Rent,659.78,Paid,2023-01-31
52,14,3.0,2023-03-02,Rent,659.78,Paid,2023-03-02
53,14,3.0,2023-04-01,Rent,659.78,Paid,2023-04-01
54,14,3.0,2023-05-01,Rent,659.78,Paid,2023-05-01
55,14,3.0,2023-05-31,Rent,659.78,Paid,2023-05-31
56,14,3.0,2023-06-30,Rent,659.78,Paid,2023-06-30
57,14,3.0,2023-07-30,Rent,659.78,Paid,2023-07-30
58,14,3.0,2023-08-29,Rent,659.78,Paid,2023-08-29
59,14,3.0,2023-09-28,Rent,659.78,Paid,2023-09-28
60,14,3.0,2023-10-28,Rent,659.78,Paid,2023-10-28
61,14,3.0,2023-11-27,Rent,659.78,Paid,2023-11-27
62,14,3.0,2023-12-27,Rent,659.78,Paid,2023-12-27
63,14,3.0,2024-01-26,Rent,659.78,Paid,2024-01-26
64,14,3.0,2024-02-25,Rent,659.78,Paid,2024-02-25
65,14,3.0,2024-03-26,Rent,659.78,Paid,2024-03-26
66,14,3.0,2024-04-25,Rent,659.78,Paid,2024-04-25
67,14,3.0,2024-05-25,Rent,659.78,Paid,2024-05-25
68,14,3.0,2024-06-24,Rent,659.78,Paid,2024-06-24
69,14,3.0,2024-07-24,Rent,659.78,Paid,2024-07-24
70,14,3.0,2024-08-23,Rent,659.78,Paid,2024-08-23
71,14,3.0,2024-09-22,Rent,659.78,Paid,2024-09-22
72,14,3.0,2024-10-22,Rent,659.78,Paid,2024-10-22
73,14,3.0,2024-11-21,Rent,659.78,Paid,2024-11-21
74,14,3.0,2024-12-21,Rent,659.78,Paid,2024-12-21
75,14,4.0,2023-10-26,Rent,631.08,Paid,2023-10-26
76,14,4.0,2023-11-25,Rent,631.08,Paid,2023-11-25
77,14,4.0,2023-12-25,Rent,631.08,Paid,2023-12-25
78,14,4.0,2024-01-24,Rent,631.08,Paid,2024-01-24
79,14,4.0,2024-02-23,Rent,631.08,Paid,2024-02-23
80,14,4.0,2024-03-24,Rent,631.08,Paid,2024-03-24
81,14,4.0,2024-04-23,Rent,631.08,Paid,2024-04-23
82,14,4.0,2024-05-23,Rent,631.08,Paid,2024-05-23
83,14,4.0,2024-06-22,Rent,631.08,Paid,2024-06-22
84,14,4.0,2024-07-22,Rent,631.08,Paid,2024-07-22
85,14,4.0,2024-08-21,Rent,631.08,Paid,2024-08-21
86,14,4.0,2024-09-20,Rent,631.08,Paid,2024-09-20
87,14,4.0,2024-10-20,Rent,631.08,Paid,2024-10-20
88,14,4.0,2024-11-19,Rent,631.08,Pending,2024-11-19
89,14,4.0,2024-12-19,Rent,631.08,Paid,2024-12-19
90,9,5.0,2023-04-21,Rent,1633.19,Paid,2023-04-21
91,9,5.0,2023-05-21,Rent,1633.19,Paid,2023-05-21
92,9,5.0,2023-06-20,Rent,1633.19,Paid,2023-06-20
93,9,5.0,2023-07-20,Rent,1633.19,Paid,2023-07-20
94,9,5.0,2023-08-19,Rent,1633.19,Paid,2023-08-19
95,9,5.0,2023-09-18,Rent,1633.19,Paid,2023-09-18
96,9,5.0,2023-10-18,Rent,1633.19,Paid,2023-10-18
97,9,5.0,2023-11-17,Rent,1633.19,Pending,2023-11-17
98,9,5.0,2023-12-17,Rent,1633.19,Paid,2023-12-17
99,9,5.0,2024-01-16,Rent,1633.19,Paid,2024-01-16
100,9,5.0,2024-02-15,Rent,1633.19,Paid,2024-02-15
101,9,5.0,2024-03-16,Rent,1633.19,Paid,2024-03-16
102,9,5.0,2024-04-15,Rent,1633.19,Paid,2024-04-15
103,9,5.0,2024-05-15,Rent,1633.19,Paid,2024-05-15
104,9,5.0,2024-06-14,Rent,1633.19,Paid,2024-06-14
105,9,5.0,2024-07-14,Rent,1633.19,Paid,2024-07-14
106,9,5.0,2024-08-13,Rent,1633.19,Paid,2024-08-13
107,9,5.0,2024-09-12,Rent,1633.19,Paid,2024-09-12
108,9,5.0,2024-10-12,Rent,1633.19,Pending,2024-10-12
109,9,5.0,2024-11-11,Rent,1633.19,Paid,2024-11-11
110,9,5.0,2024-12-11,Rent,1633.19,Paid,2024-12-11
111,8,6.0,2023-10-27,Rent,594.69,Paid,2023-10-27
112,8,6.0,2023-11-26,Rent,594.69,Paid,2023-11-26
113,8,6.0,2023-12-26,Rent,594.69,Paid,2023-12-26
114,8,6.0,2024-01-25,Rent,594.69,Paid,2024-01-25
115,8,6.0,2024-02-24,Rent,594.69,Paid,2024-02-24
116,8,6.0,2024-03-25,Rent,594.69,Paid,2024-03-25
117,8,6.0,2024-04-24,Rent,594.69,Paid,2024-04-24
118,8,6.0,2024-05-24,Rent,594.69,Paid,2024-05-24
119,8,6.0,2024-06-23,Rent,594.69,Paid,2024-06-23
120,8,6.0,2024-07-23,Rent,594.69,Paid,2024-07-23
121,8,6.0,2024-08-22,Rent,594.69,Paid,2024-08-22
122,8,6.0,2024-09-21,Rent,594.69,Paid,2024-09-21
123,8,6.0,2024-10-21,Rent,594.69,Paid,2024-10-21
124,8,6.0,2024-11-20,Rent,594.69,Paid,2024-11-20
125,8,6.0,2024-12-20,Rent,594.69,Paid,2024-12-20
126,11,7.0,2022-05-24,Rent,678.92,Paid,2022-05-24
127,11,7.0,2022-06-23,Rent,678.92,Paid,2022-06-23
128,11,7.0,2022-07-23,Rent,678.92,Paid,2022-07-23
129,11,7.0,2022-08-22,Rent,678.92,Paid,2022-08-22
130,11,7.0,2022-09-21,Rent,678.92,Paid,2022-09-21
131,11,7.0,2022-10-21,Rent,678.92,Paid,2022-10-21
132,11,7.0,2022-11-20,Rent,678.92,Paid,2022-11-20
133,11,7.0,2022-12-20,Rent,678.92,Paid,2022-12-20
134,11,7.0,2023-01-19,Rent,678.92,Paid,2023-01-19
135,11,7.0,2023-02-18,Rent,678.92,Paid,2023-02-18
136,11,7.0,2023-03-20,Rent,678.92,Paid,2023-03-20
137,11,7.0,2023-04-19,Rent,678.92,Paid,2023-04-19
138,11,7.0,2023-05-19,Rent,678.92,Paid,2023-05-19
139,11,7.0,2023-06-18,Rent,678.92,Paid,2023-06-18
140,14,8.0,2022-11-08,Rent,692.23,Paid,2022-11-08
141,14,8.0,2022-12-08,Rent,692.23,Paid,2022-12-08
142,14,8.0,2023-01-07,Rent,692.23,Paid,2023-01-07
143,14,8.0,2023-02-06,Rent,692.23,Paid,2023-02-06
144,14,8.0,2023-03-08,Rent,692.23,Paid,2023-03-08
145,14,8.0,2023-04-07,Rent,692.23,Paid,2023-04-07
146,14,8.0,2023-05-07,Rent,692.23,Paid,2023-05-07
147,14,8.0,2023-06-06,Rent,692.23,Paid,2023-06-06
148,14,8.0,2023-07-06,Rent,692.23,Paid,2023-07-06
149,14,8.0,2023-08-05,Rent,692.23,Paid,2023-08-05
150,14,8.0,2023-09-04,Rent,692.23,Paid,2023-09-04
151,14,8.0,2023-10-04,Rent,692.23,Paid,2023-10-04
152,14,8.0,2023-11-03,Rent,692.23,Paid,2023-11-03
153,14,8.0,2023-12-03,Rent,692.23,Paid,2023-12-03
154,14,8.0,2024-01-02,Rent,692.23,Paid,2024-01-02
155,14,8.0,2024-02-01,Rent,692.23,Paid,2024-02-01
156,14,8.0,2024-03-02,Rent,692.23,Paid,2024-03-02
157,14,8.0,2024-04-01,Rent,692.23,Paid,2024-04-01
158,14,8.0,2024-05-01,Rent,692.23,Paid,2024-05-01
159,14,8.0,2024-05-31,Rent,692.23,Paid,2024-05-31
160,14,8.0,2024-06-30,Rent,692.23,Paid,2024-06-30
161,14,8.0,2024-07-30,Rent,692.23,Paid,2024-07-30
162,14,8.0,2024-08-29,Rent,692.23,Paid,2024-08-29
163,14,8.0,2024-09-28,Rent,692.23,Paid,2024-09-28
164,14,8.0,2024-10-28,Rent,692.23,Paid,2024-10-28
165,14,8.0,2024-11-27,Rent,692.23,Paid,2024-11-27
166,14,8.0,2024-12-27,Rent,692.23,Paid,2024-12-27
167,17,9.0,2022-04-10,Rent,1217.65,Paid,2022-04-10
168,17,9.0,2022-05-10,Rent,1217.65,Paid,2022-05-10
169,17,9.0,2022-06-09,Rent,1217.65,Paid,2022-06-09
170,17,9.0,2022-07-09,Rent,1217.65,Paid,2022-07-09
171,17,9.0,2022-08-08,Rent,1217.65,Paid,2022-08-08
172,17,9.0,2022-09-07,Rent,1217.65,Paid,2022-09-07
173,17,9.0,2022-10-07,Rent,1217.65,Paid,2022-10-07
174,17,9.0,2022-11-06,Rent,1217.65,Paid,2022-11-06
175,17,9.0,2022-12-06,Rent,1217.65,Paid,2022-12-06
176,17,9.0,2023-01-05,Rent,1217.65,Paid,2023-01-05
177,17,9.0,2023-02-04,Rent,1217.65,Paid,2023-02-04
178,17,9.0,2023-03-06,Rent,1217.65,Paid,2023-03-06
179,17,9.0,2023-04-05,Rent,1217.65,Paid,2023-04-05
180,17,9.0,2023-05-05,Rent,1217.65,Paid,2023-05-05
181,17,9.0,2023-06-04,Rent,1217.65,Paid,2023-06-04
182,17,9.0,2023-07-04,Rent,1217.65,Paid,2023-07-04
183,17,9.0,2023-08-03,Rent,1217.65,Paid,2023-08-03
184,17,9.0,2023-09-02,Rent,1217.65,Paid,2023-09-02
185,17,9.0,2023-10-02,Rent,1217.65,Paid,2023-10-02
186,17,9.0,2023-11-01,Rent,1217.65,Paid,2023-11-01
187,17,9.0,2023-12-01,Rent,1217.65,Paid,2023-12-01
188,8,10.0,2022-05-19,Rent,528.41,Paid,2022-05-19
189,8,10.0,2022-06-18,Rent,528.41,Paid,2022-06-18
190,8,10.0,2022-07-18,Rent,528.41,Paid,2022-07-18
191,8,10.0,2022-08-17,Rent,528.41,Paid,2022-08-17
192,8,10.0,2022-09-16,Rent,528.41,Paid,2022-09-16
193,8,10.0,2022-10-16,Rent,528.41,Pending,2022-10-16
194,8,10.0,2022-11-15,Rent,528.41,Paid,2022-11-15
195,8,10.0,2022-12-15,Rent,528.41,Paid,2022-12-15
196,8,10.0,2023-01-14,Rent,528.41,Paid,2023-01-14
197,8,10.0,2023-02-13,Rent,528.41,Paid,2023-02-13
198,8,10.0,2023-03-15,Rent,528.41,Paid,2023-03-15
199,8,10.0,2023-04-14,Rent,528.41,Paid,2023-04-14
200,8,10.0,2023-05-14,Rent,528.41,Paid,2023-05-14
201,8,10.0,2023-06-13,Rent,528.41,Paid,2023-06-13
202,8,10.0,2023-07-13,Rent,528.41,Pending,2023-07-13
203,8,10.0,2023-08-12,Rent,528.41,Paid,2023-08-12
204,8,10.0,2023-09-11,Rent,528.41,Paid,2023-09-11
205,8,10.0,2023-10-11,Rent,528.41,Paid,2023-10-11
206,8,10.0,2023-11-10,Rent,528.41,Paid,2023-11-10
207,8,10.0,2023-12-10,Rent,528.41,Paid,2023-12-10
208,8,10.0,2024-01-09,Rent,528.41,Paid,2024-01-09
209,8,10.0,2024-02-08,Rent,528.41,Paid,2024-02-08
210,8,10.0,2024-03-09,Rent,528.41,Paid,2024-03-09
211,8,10.0,2024-04-08,Rent,528.41,Paid,2024-04-08
212,8,10.0,2024-05-08,Rent,528.41,Paid,2024-05-08
213,8,10.0,2024-06-07,Rent,528.41,Paid,2024-06-07
214,17,11.0,2023-01-15,Rent,538.39,Paid,2023-01-15
215,17,11.0,2023-02-14,Rent,538.39,Paid,2023-02-14
216,17,11.0,2023-03-16,Rent,538.39,Paid,2023-03-16
217,17,11.0,2023-04-15,Rent,538.39,Paid,2023-04-15
218,17,11.0,2023-05-15,Rent,538.39,Paid,2023-05-15
219,17,11.0,2023-06-14,Rent,538.39,Paid,2023-06-14
220,17,11.0,2023-07-14,Rent,538.39,Paid,2023-07-14
221,17,11.0,2023-08-13,Rent,538.39,Paid,2023-08-13
222,17,11.0,2023-09-12,Rent,538.39,Paid,2023-09-12
223,17,11.0,2023-10-12,Rent,538.39,Paid,2023-10-12
224,17,11.0,2023-11-11,Rent,538.39,Paid,2023-11-11
225,17,11.0,2023-12-11,Rent,538.39,Paid,2023-12-11
226,17,11.0,2024-01-10,Rent,538.39,Paid,2024-01-10
227,17,11.0,2024-02-09,Rent,538.39,Paid,2024-02-09
228,17,11.0,2024-03-10,Rent,538.39,Paid,2024-03-10
229,17,11.0,2024-04-09,Rent,538.39,Paid,2024-04-09
230,17,11.0,2024-05-09,Rent,538.39,Paid,2024-05-09
231,17,11.0,2024-06-08,Rent,538.39,Paid,2024-06-08
232,17,11.0,2024-07-08,Rent,538.39,Paid,2024-07-08
233,17,11.0,2024-08-07,Rent,538.39,Paid,2024-08-07
234,17,11.0,2024-09-06,Rent,538.39,Paid,2024-09-06
235,17,11.0,2024-10-06,Rent,538.39,Paid,2024-10-06
236,17,11.0,2024-11-05,Rent,538.39,Paid,2024-11-05
237,17,11.0,2024-12-05,Rent,538.39,Paid,2024-12-05
238,1,12.0,2023-12-15,Rent,908.24,Paid,2023-12-15
239,1,12.0,2024-01-14,Rent,908.24,Paid,2024-01-14
240,1,12.0,2024-02-13,Rent,908.24,Paid,2024-02-13
241,1,12.0,2024-03-14,Rent,908.24,Paid,2024-03-14
242,1,12.0,2024-04-13,Rent,908.24,Paid,2024-04-13
243,1,12.0,2024-05-13,Rent,908.24,Paid,2024-05-13
244,1,12.0,2024-06-12,Rent,908.24,Paid,2024-06-12
245,1,12.0,2024-07-12,Rent,908.24,Paid,2024-07-12
246,1,12.0,2024-08-11,Rent,908.24,Paid,2024-08-11
247,1,12.0,2024-09-10,Rent,908.24,Paid,2024-09-10
248,1,12.0,2024-10-10,Rent,908.24,Paid,2024-10-10
249,1,12.0,2024-11-09,Rent,908.24,Pending,2024-11-09
250,1,12.0,2024-12-09,Rent,908.24,Paid,2024-12-09
251,8,13.0,2023-08-25,Rent,663.33,Paid,2023-08-25
252,8,13.0,2023-09-24,Rent,663.33,Paid,2023-09-24
253,8,13.0,2023-10-24,Rent,663.33,Paid,2023-10-24
254,8,13.0,2023-11-23,Rent,663.33,Paid,2023-11-23
255,8,13.0,2023-12-23,Rent,663.33,Pending,2023-12-23
256,8,13.0,2024-01-22,Rent,663.33,Paid,2024-01-22
257,8,13.0,2024-02-21,Rent,663.33,Paid,2024-02-21
258,8,13.0,2024-03-22,Rent,663.33,Paid,2024-03-22
259,8,13.0,2024-04-21,Rent,663.33,Paid,2024-04-21
260,8,13.0,2024-05-21,Rent,663.33,Paid,2024-05-21
261,8,13.0,2024-06-20,Rent,663.33,Pending,2024-06-20
262,8,13.0,2024-07-20,Rent,663.33,Paid,2024-07-20
263,8,13.0,2024-08-19,Rent,663.33,Paid,2024-08-19
264,8,13.0,2024-09-18,Rent,663.33,Paid,2024-09-18
265,8,13.0,2024-10-18,Rent,663.33,Paid,2024-10-18
266,8,13.0,2024-11-17,Rent,663.33,Paid,2024-11-17
267,8,13.0,2024-12-17,Rent,663.33,Paid,2024-12-17
268,20,14.0,2023-11-02,Rent,523.72,Paid,2023-11-02
269,20,14.0,2023-12-02,Rent,523.72,Paid,2023-12-02
270,20,14.0,2024-01-01,Rent,523.72,Paid,2024-01-01
271,20,14.0,2024-01-31,Rent,523.72,Paid,2024-01-31
272,20,14.0,2024-03-01,Rent,523.72,Paid,2024-03-01
273,20,14.0,2024-03-31,Rent,523.72,Paid,2024-03-31
274,20,14.0,2024-04-30,Rent,523.72,Paid,2024-04-30
275,20,14.0,2024-05-30,Rent,523.72,Paid,2024-05-30
276,20,14.0,2024-06-29,Rent,523.72,Paid,2024-06-29
277,20,14.0,2024-07-29,Rent,523.72,Paid,2024-07-29
278,20,14.0,2024-08-28,Rent,523.72,Paid,2024-08-28
279,20,14.0,2024-09-27,Rent,523.72,Paid,2024-09-27
280,20,14.0,2024-10-27,Rent,523.72,Paid,2024-10-27
281,20,14.0,2024-11-26,Rent,523.72,Pending,2024-11-26
282,20,14.0,2024-12-26,Rent,523.72,Pending,2024-12-26
283,19,15.0,2023-09-23,Rent,1023.89,Paid,2023-09-23
284,19,15.0,2023-10-23,Rent,1023.89,Paid,2023-10-23
285,19,15.0,2023-11-22,Rent,1023.89,Paid,2023-11-22
286,19,15.0,2023-12-22,Rent,1023.89,Paid,2023-12-22
287,19,15.0,2024-01-21,Rent,1023.89,Paid,2024-01-21
288,19,15.0,2024-02-20,Rent,1023.89,Paid,2024-02-20
289,19,15.0,2024-03-21,Rent,1023.89,Paid,2024-03-21
290,19,15.0,2024-04-20,Rent,1023.89,Paid,2024-04-20
291,19,15.0,2024-05-20,Rent,1023.89,Paid,2024-05-20
292,19,15.0,2024-06-19,Rent,1023.89,Paid,2024-06-19
293,19,15.0,2024-07-19,Rent,1023.89,Paid,2024-07-19
294,19,15.0,2024-08-18,Rent,1023.89,Paid,2024-08-18
295,19,15.0,2024-09-17,Rent,1023.89,Paid,2024-09-17
296,19,15.0,2024-10-17,Rent,1023.89,Paid,2024-10-17
297,19,15.0,2024-11-16,Rent,1023.89,Paid,2024-11-16
298,19,15.0,2024-12-16,Rent,1023.89,Paid,2024-12-16
299,8,16.0,2022-02-03,Rent,1487.99,Paid,2022-02-03
300,8,16.0,2022-03-05,Rent,1487.99,Pending,2022-03-05
301,8,16.0,2022-04-04,Rent,1487.99,Paid,2022-04-04
302,8,16.0,2022-05-04,Rent,1487.99,Paid,2022-05-04
303,8,16.0,2022-06-03,Rent,1487.99,Paid,2022-06-03
304,8,16.0,2022-07-03,Rent,1487.99,Paid,2022-07-03
305,8,16.0,2022-08-02,Rent,1487.99,Paid,2022-08-02
306,8,16.0,2022-09-01,Rent,1487.99,Paid,2022-09-01
307,8,16.0,2022-10-01,Rent,1487.99,Paid,2022-10-01
308,8,16.0,2022-10-31,Rent,1487.99,Paid,2022-10-31
309,8,16.0,2022-11-30,Rent,1487.99,Paid,2022-11-30
310,8,16.0,2022-12-30,Rent,1487.99,Paid,2022-12-30
311,8,16.0,2023-01-29,Rent,1487.99,Paid,2023-01-29
312,8,16.0,2023-02-28,Rent,1487.99,Paid,2023-02-28
313,8,16.0,2023-03-30,Rent,1487.99,Paid,2023-03-30
314,8,16.0,2023-04-29,Rent,1487.99,Paid,2023-04-29
315,8,16.0,2023-05-29,Rent,1487.99,Paid,2023-05-29
316,8,16.0,2023-06-28,Rent,1487.99,Paid,2023-06-28
317,8,16.0,2023-07-28,Rent,1487.99,Paid,2023-07-28
318,8,16.0,2023-08-27,Rent,1487.99,Paid,2023-08-27
319,8,16.0,2023-09-26,Rent,1487.99,Paid,2023-09-26
320,8,16.0,2023-10-26,Rent,1487.99,Paid,2023-10-26
321,8,16.0,2023-11-25,Rent,1487.99,Paid,2023-11-25
322,8,16.0,2023-12-25,Rent,1487.99,Paid,2023-12-25
323,8,16.0,2024-01-24,Rent,1487.99,Paid,2024-01-24
324,8,16.0,2024-02-23,Rent,1487.99,Paid,2024-02-23
325,8,16.0,2024-03-24,Rent,1487.99,Paid,2024-03-24
326,8,16.0,2024-04-23,Rent,1487.99,Paid,2024-04-23
327,8,16.0,2024-05-23,Rent,1487.99,Paid,2024-05-23
328,8,16.0,2024-06-22,Rent,1487.99,Paid,2024-06-22
329,8,16.0,2024-07-22,Rent,1487.99,Paid,2024-07-22
330,8,16.0,2024-08-21,Rent,1487.99,Paid,2024-08-21
331,8,16.0,2024-09-20,Rent,1487.99,Paid,2024-09-20
332,8,16.0,2024-10-20,Rent,1487.99,Paid,2024-10-20
333,8,16.0,2024-11-19,Rent,1487.99,Paid,2024-11-19
334,8,16.0,2024-12-19,Rent,1487.99,Paid,2024-12-19
335,8,17.0,2022-08-11,Rent,1701.84,Paid,2022-08-11
336,8,17.0,2022-09-10,Rent,1701.84,Paid,2022-09-10
337,8,17.0,2022-10-10,Rent,1701.84,Paid,2022-10-10
338,8,17.0,2022-11-09,Rent,1701.84,Paid,2022-11-09
339,8,17.0,2022-12-09,Rent,1701.84,Paid,2022-12-09
340,8,17.0,2023-01-08,Rent,1701.84,Paid,2023-01-08
341,8,17.0,2023-02-07,Rent,1701.84,Paid,2023-02-07
342,8,17.0,2023-03-09,Rent,1701.84,Paid,2023-03-09
343,8,17.0,2023-04-08,Rent,1701.84,Paid,2023-04-08
344,8,17.0,2023-05-08,Rent,1701.84,Paid,2023-05-08
345,8,17.0,2023-06-07,Rent,1701.84,Paid,2023-06-07
346,8,17.0,2023-07-07,Rent,1701.84,Paid,2023-07-07
347,8,17.0,2023-08-06,Rent,1701.84,Paid,2023-08-06
348,8,17.0,2023-09-05,Rent,1701.84,Paid,2023-09-05
349,8,17.0,2023-10-05,Rent,1701.84,Paid,2023-10-05
350,8,17.0,2023-11-04,Rent,1701.84,Paid,2023-11-04
351,8,17.0,2023-12-04,Rent,1701.84,Paid,2023-12-04
352,8,17.0,2024-01-03,Rent,1701.84,Paid,2024-01-03
353,8,17.0,2024-02-02,Rent,1701.84,Paid,2024-02-02
354,8,17.0,2024-03-03,Rent,1701.84,Paid,2024-03-03
355,8,17.0,2024-04-02,Rent,1701.84,Paid,2024-04-02
356,8,17.0,2024-05-02,Rent,1701.84,Paid,2024-05-02
357,8,17.0,2024-06-01,Rent,1701.84,Paid,2024-06-01
358,8,17.0,2024-07-01,Rent,1701.84,Paid,2024-07-01
359,8,17.0,2024-07-31,Rent,1701.84,Paid,2024-07-31
360,8,17.0,2024-08-30,Rent,1701.84,Paid,2024-08-30
361,8,17.0,2024-09-29,Rent,1701.84,Paid,2024-09-29
362,8,17.0,2024-10-29,Rent,1701.84,Paid,2024-10-29
363,19,18.0,2022-08-30,Rent,1274.41,Paid,2022-08-30
364,19,18.0,2022-09-29,Rent,1274.41,Paid,2022-09-29
365,19,18.0,2022-10-29,Rent,1274.41,Paid,2022-10-29
366,19,18.0,2022-11-28,Rent,1274.41,Paid,2022-11-28
367,19,18.0,2022-12-28,Rent,1274.41,Paid,2022-12-28
368,19,18.0,2023-01-27,Rent,1274.41,Paid,2023-01-27
369,19,18.0,2023-02-26,Rent,1274.41,Paid,2023-02-26
370,19,18.0,2023-03-28,Rent,1274.41,Paid,2023-03-28
371,19,18.0,2023-04-27,Rent,1274.41,Pending,2023-04-27
372,19,18.0,2023-05-27,Rent,1274.41,Paid,2023-05-27
373,19,18.0,2023-06-26,Rent,1274.41,Paid,2023-06-26
374,19,18.0,2023-07-26,Rent,1274.41,Paid,2023-07-26
375,19,18.0,2023-08-25,Rent,1274.41,Paid,2023-08-25
376,19,18.0,2023-09-24,Rent,1274.41,Paid,2023-09-24
377,19,18.0,2023-10-24,Rent,1274.41,Paid,2023-10-24
378,19,18.0,2023-11-23,Rent,1274.41,Paid,2023-11-23
379,19,18.0,2023-12-23,Rent,1274.41,Paid,2023-12-23
380,19,18.0,2024-01-22,Rent,1274.41,Paid,2024-01-22
381,19,18.0,2024-02-21,Rent,1274.41,Paid,2024-02-21
382,19,18.0,2024-03-22,Rent,1274.41,Paid,2024-03-22
383,19,18.0,2024-04-21,Rent,1274.41,Paid,2024-04-21
384,19,18.0,2024-05-21,Rent,1274.41,Paid,2024-05-21
385,19,18.0,2024-06-20,Rent,1274.41,Paid,2024-06-20
386,19,18.0,2024-07-20,Rent,1274.41,Paid,2024-07-20
387,19,18.0,2024-08-19,Rent,1274.41,Paid,2024-08-19
388,1,19.0,2023-12-04,Rent,1058.74,Paid,2023-12-04
389,1,19.0,2024-01-03,Rent,1058.74,Paid,2024-01-03
390,1,19.0,2024-02-02,Rent,1058.74,Paid,2024-02-02
391,1,19.0,2024-03-03,Rent,1058.74,Paid,2024-03-03
392,1,19.0,2024-04-02,Rent,1058.74,Paid,2024-04-02
393,1,19.0,2024-05-02,Rent,1058.74,Paid,2024-05-02
394,1,19.0,2024-06-01,Rent,1058.74,Paid,2024-06-01
395,1,19.0,2024-07-01,Rent,1058.74,Paid,2024-07-01
396,1,19.0,2024-07-31,Rent,1058.74,Paid,2024-07-31
397,1,19.0,2024-08-30,Rent,1058.74,Paid,2024-08-30
398,1,19.0,2024-09-29,Rent,1058.74,Paid,2024-09-29
399,1,19.0,2024-10-29,Rent,1058.74,Paid,2024-10-29
400,1,19.0,2024-11-28,Rent,1058.74,Paid,2024-11-28
401,1,19.0,2024-12-28,Rent,1058.74,Paid,2024-12-28
402,15,20.0,2023-10-23,Rent,937.96,Paid,2023-10-23
403,15,20.0,2023-11-22,Rent,937.96,Paid,2023-11-22
404,15,20.0,2023-12-22,Rent,937.96,Paid,2023-12-22
405,15,20.0,2024-01-21,Rent,937.96,Paid,2024-01-21
406,15,20.0,2024-02-20,Rent,937.96,Paid,2024-02-20
407,15,20.0,2024-03-21,Rent,937.96,Paid,2024-03-21
408,15,20.0,2024-04-20,Rent,937.96,Paid,2024-04-20
409,15,20.0,2024-05-20,Rent,937.96,Paid,2024-05-20
410,15,20.0,2024-06-19,Rent,937.96,Pending,2024-06-19
411,15,20.0,2024-07-19,Rent,937.96,Paid,2024-07-19
412,15,20.0,2024-08-18,Rent,937.96,Paid,2024-08-18
413,15,20.0,2024-09-17,Rent,937.96,Paid,2024-09-17
414,15,20.0,2024-10-17,Rent,937.96,Paid,2024-10-17
415,15,20.0,2024-11-16,Rent,937.96,Pending,2024-11-16
416,15,20.0,2024-12-16,Rent,937.96,Paid,2024-12-16
417,15,21.0,2023-02-12,Rent,476.67,Paid,2023-02-12
418,15,21.0,2023-03-14,Rent,476.67,Paid,2023-03-14
419,15,21.0,2023-04-13,Rent,476.67,Paid,2023-04-13
420,15,21.0,2023-05-13,Rent,476.67,Paid,2023-05-13
421,15,21.0,2023-06-12,Rent,476.67,Paid,2023-06-12
422,15,21.0,2023-07-12,Rent,476.67,Pending,2023-07-12
423,15,21.0,2023-08-11,Rent,476.67,Paid,2023-08-11
424,15,21.0,2023-09-10,Rent,476.67,Paid,2023-09-10
425,15,21.0,2023-10-10,Rent,476.67,Paid,2023-10-10
426,15,21.0,2023-11-09,Rent,476.67,Paid,2023-11-09
427,15,21.0,2023-12-09,Rent,476.67,Paid,2023-12-09
428,15,21.0,2024-01-08,Rent,476.67,Paid,2024-01-08
429,15,21.0,2024-02-07,Rent,476.67,Paid,2024-02-07
430,15,21.0,2024-03-08,Rent,476.67,Paid,2024-03-08
431,15,21.0,2024-04-07,Rent,476.67,Paid,2024-04-07
432,15,21.0,2024-05-07,Rent,476.67,Paid,2024-05-07
433,15,21.0,2024-06-06,Rent,476.67,Paid,2024-06-06
434,15,21.0,2024-07-06,Rent,476.67,Paid,2024-07-06
435,15,21.0,2024-08-05,Rent,476.67,Paid,2024-08-05
436,15,21.0,2024-09-04,Rent,476.67,Paid,2024-09-04
437,15,21.0,2024-10-04,Rent,476.67,Paid,2024-10-04
438,15,21.0,2024-11-03,Rent,476.67,Paid,2024-11-03
439,19,22.0,2022-05-06,Rent,464.24,Pending,2022-05-06
440,19,22.0,2022-06-05,Rent,464.24,Paid,2022-06-05
441,19,22.0,2022-07-05,Rent,464.24,Paid,2022-07-05
442,19,22.0,2022-08-04,Rent,464.24,Paid,2022-08-04
443,19,22.0,2022-09-03,Rent,464.24,Paid,2022-09-03
444,19,22.0,2022-10-03,Rent,464.24,Paid,2022-10-03
445,19,22.0,2022-11-02,Rent,464.24,Paid,2022-11-02
446,19,22.0,2022-12-02,Rent,464.24,Paid,2022-12-02
447,19,22.0,2023-01-01,Rent,464.24,Paid,2023-01-01
448,19,22.0,2023-01-31,Rent,464.24,Paid,2023-01-31
449,19,22.0,2023-03-02,Rent,464.24,Paid,2023-03-02
450,19,22.0,2023-04-01,Rent,464.24,Paid,2023-04-01
451,19,22.0,2023-05-01,Rent,464.24,Paid,2023-05-01
452,19,22.0,2023-05-31,Rent,464.24,Paid,2023-05-31
453,19,22.0,2023-06-30,Rent,464.24,Paid,2023-06-30
454,19,22.0,2023-07-30,Rent,464.24,Pending,2023-07-30
455,19,22.0,2023-08-29,Rent,464.24,Paid,2023-08-29
456,19,22.0,2023-09-28,Rent,464.24,Paid,2023-09-28
457,19,22.0,2023-10-28,Rent,464.24,Paid,2023-10-28
458,19,22.0,2023-11-27,Rent,464.24,Paid,2023-11-27
459,19,22.0,2023-12-27,Rent,464.24,Paid,2023-12-27
460,19,22.0,2024-01-26,Rent,464.24,Paid,2024-01-26
461,19,22.0,2024-02-25,Rent,464.24,Paid,2024-02-25
462,19,22.0,2024-03-26,Rent,464.24,Paid,2024-03-26
463,19,22.0,2024-04-25,Rent,464.24,Paid,2024-04-25
464,19,22.0,2024-05-25,Rent,464.24,Paid,2024-05-25
465,19,22.0,2024-06-24,Rent,464.24,Paid,2024-06-24
466,19,22.0,2024-07-24,Rent,464.24,Paid,2024-07-24
467,19,23.0,2023-11-10,Rent,875.19,Paid,2023-11-10
468,19,23.0,2023-12-10,Rent,875.19,Paid,2023-12-10
469,19,23.0,2024-01-09,Rent,875.19,Paid,2024-01-09
470,19,23.0,2024-02-08,Rent,875.19,Paid,2024-02-08
471,19,23.0,2024-03-09,Rent,875.19,Paid,2024-03-09
472,19,23.0,2024-04-08,Rent,875.19,Paid,2024-04-08
473,19,23.0,2024-05-08,Rent,875.19,Paid,2024-05-08
474,19,23.0,2024-06-07,Rent,875.19,Paid,2024-06-07
475,19,23.0,2024-07-07,Rent,875.19,Paid,2024-07-07
476,19,23.0,2024-08-06,Rent,875.19,Paid,2024-08-06
477,19,23.0,2024-09-05,Rent,875.19,Paid,2024-09-05
478,19,23.0,2024-10-05,Rent,875.19,Paid,2024-10-05
479,19,23.0,2024-11-04,Rent,875.19,Paid,2024-11-04
480,19,23.0,2024-12-04,Rent,875.19,Paid,2024-12-04
481,4,24.0,2023-10-17,Rent,1266.17,Paid,2023-10-17
482,4,24.0,2023-11-16,Rent,1266.17,Paid,2023-11-16
483,4,24.0,2023-12-16,Rent,1266.17,Paid,2023-12-16
484,4,24.0,2024-01-15,Rent,1266.17,Paid,2024-01-15
485,4,24.0,2024-02-14,Rent,1266.17,Paid,2024-02-14
486,4,24.0,2024-03-15,Rent,1266.17,Paid,2024-03-15
487,4,24.0,2024-04-14,Rent,1266.17,Paid,2024-04-14
488,4,24.0,2024-05-14,Rent,1266.17,Paid,2024-05-14
489,4,24.0,2024-06-13,Rent,1266.17,Paid,2024-06-13
490,4,24.0,2024-07-13,Rent,1266.17,Paid,2024-07-13
491,4,24.0,2024-08-12,Rent,1266.17,Paid,2024-08-12
492,4,24.0,2024-09-11,Rent,1266.17,Paid,2024-09-11
493,4,24.0,2024-10-11,Rent,1266.17,Paid,2024-10-11
494,4,24.0,2024-11-10,Rent,1266.17,Paid,2024-11-10
495,4,24.0,2024-12-10,Rent,1266.17,Paid,2024-12-10
496,11,25.0,2022-02-21,Rent,858.84,Paid,2022-02-21
497,11,25.0,2022-03-23,Rent,858.84,Paid,2022-03-23
498,11,25.0,2022-04-22,Rent,858.84,Paid,2022-04-22
499,11,25.0,2022-05-22,Rent,858.84,Paid,2022-05-22
500,11,25.0,2022-06-21,Rent,858.84,Paid,2022-06-21
501,11,25.0,2022-07-21,Rent,858.84,Paid,2022-07-21
502,11,25.0,2022-08-20,Rent,858.84,Paid,2022-08-20
503,11,25.0,2022-09-19,Rent,858.84,Paid,2022-09-19
504,11,25.0,2022-10-19,Rent,858.84,Paid,2022-10-19
505,11,25.0,2022-11-18,Rent,858.84,Paid,2022-11-18
506,11,25.0,2022-12-18,Rent,858.84,Paid,2022-12-18
507,11,25.0,2023-01-17,Rent,858.84,Paid,2023-01-17
508,11,25.0,2023-02-16,Rent,858.84,Paid,2023-02-16
509,11,25.0,2023-03-18,Rent,858.84,Paid,2023-03-18
510,11,25.0,2023-04-17,Rent,858.84,Paid,2023-04-17
511,11,25.0,2023-05-17,Rent,858.84,Paid,2023-05-17
512,11,25.0,2023-06-16,Rent,858.84,Paid,2023-06-16
513,11,25.0,2023-07-16,Rent,858.84,Paid,2023-07-16
514,11,25.0,2023-08-15,Rent,858.84,Pending,2023-08-15
515,11,25.0,2023-09-14,Rent,858.84,Paid,2023-09-14
516,11,25.0,2023-10-14,Rent,858.84,Pending,2023-10-14
517,11,25.0,2023-11-13,Rent,858.84,Paid,2023-11-13
518,11,25.0,2023-12-13,Rent,858.84,Paid,2023-12-13
519,11,25.0,2024-01-12,Rent,858.84,Paid,2024-01-12
520,15,26.0,2022-05-09,Rent,1385.56,Paid,2022-05-09
521,15,26.0,2022-06-08,Rent,1385.56,Paid,2022-06-08
522,15,26.0,2022-07-08,Rent,1385.56,Paid,2022-07-08
523,15,26.0,2022-08-07,Rent,1385.56,Paid,2022-08-07
524,15,26.0,2022-09-06,Rent,1385.56,Paid,2022-09-06
525,15,26.0,2022-10-06,Rent,1385.56,Paid,2022-10-06
526,15,26.0,2022-11-05,Rent,1385.56,Paid,2022-11-05
527,15,26.0,2022-12-05,Rent,1385.56,Paid,2022-12-05
528,15,26.0,2023-01-04,Rent,1385.56,Paid,2023-01-04
529,15,26.0,2023-02-03,Rent,1385.56,Paid,2023-02-03
530,15,26.0,2023-03-05,Rent,1385.56,Paid,2023-03-05
531,15,26.0,2023-04-04,Rent,1385.56,Paid,2023-04-04
532,15,26.0,2023-05-04,Rent,1385.56,Paid,2023-05-04
533,15,26.0,2023-06-03,Rent,1385.56,Paid,2023-06-03
534,15,26.0,2023-07-03,Rent,1385.56,Paid,2023-07-03
535,15,26.0,2023-08-02,Rent,1385.56,Paid,2023-08-02
536,15,26.0,2023-09-01,Rent,1385.56,Paid,2023-09-01
537,15,26.0,2023-10-01,Rent,1385.56,Paid,2023-10-01
538,15,26.0,2023-10-31,Rent,1385.56,Paid,2023-10-31
539,15,26.0,2023-11-30,Rent,1385.56,Paid,2023-11-30
540,15,26.0,2023-12-30,Rent,1385.56,Paid,2023-12-30
541,15,26.0,2024-01-29,Rent,1385.56,Paid,2024-01-29
542,15,26.0,2024-02-28,Rent,1385.56,Paid,2024-02-28
543,15,26.0,2024-03-29,Rent,1385.56,Paid,2024-03-29
544,15,26.0,2024-04-28,Rent,1385.56,Paid,2024-04-28
545,15,26.0,2024-05-28,Rent,1385.56,Paid,2024-05-28
546,15,26.0,2024-06-27,Rent,1385.56,Paid,2024-06-27
547,15,26.0,2024-07-27,Rent,1385.56,Paid,2024-07-27
548,15,26.0,2024-08-26,Rent,1385.56,Paid,2024-08-26
549,15,26.0,2024-09-25,Rent,1385.56,Paid,2024-09-25
550,15,26.0,2024-10-25,Rent,1385.56,Paid,2024-10-25
551,15,26.0,2024-11-24,Rent,1385.56,Paid,2024-11-24
552,2,27.0,2022-03-12,Rent,798.65,Paid,2022-03-12
553,2,27.0,2022-04-11,Rent,798.65,Paid,2022-04-11
554,2,27.0,2022-05-11,Rent,798.65,Paid,2022-05-11
555,2,27.0,2022-06-10,Rent,798.65,Paid,2022-06-10
556,2,27.0,2022-07-10,Rent,798.65,Paid,2022-07-10
557,2,27.0,2022-08-09,Rent,798.65,Paid,2022-08-09
558,2,27.0,2022-09-08,Rent,798.65,Paid,2022-09-08
559,2,27.0,2022-10-08,Rent,798.65,Paid,2022-10-08
560,2,27.0,2022-11-07,Rent,798.65,Pending,2022-11-07
561,2,27.0,2022-12-07,Rent,798.65,Paid,2022-12-07
562,2,27.0,2023-01-06,Rent,798.65,Paid,2023-01-06
563,2,27.0,2023-02-05,Rent,798.65,Paid,2023-02-05
564,2,27.0,2023-03-07,Rent,798.65,Paid,2023-03-07
565,2,27.0,2023-04-06,Rent,798.65,Paid,2023-04-06
566,2,27.0,2023-05-06,Rent,798.65,Paid,2023-05-06
567,2,27.0,2023-06-05,Rent,798.65,Paid,2023-06-05
568,2,27.0,2023-07-05,Rent,798.65,Paid,2023-07-05
569,2,27.0,2023-08-04,Rent,798.65,Paid,2023-08-04
570,2,27.0,2023-09-03,Rent,798.65,Paid,2023-09-03
571,2,27.0,2023-10-03,Rent,798.65,Paid,2023-10-03
572,2,27.0,2023-11-02,Rent,798.65,Pending,2023-11-02
573,2,27.0,2023-12-02,Rent,798.65,Paid,2023-12-02
574,2,27.0,2024-01-01,Rent,798.65,Paid,2024-01-01
575,2,27.0,2024-01-31,Rent,798.65,Paid,2024-01-31
576,2,27.0,2024-03-01,Rent,798.65,Paid,2024-03-01
577,2,27.0,2024-03-31,Rent,798.65,Paid,2024-03-31
578,2,27.0,2024-04-30,Rent,798.65,Paid,2024-04-30
579,2,27.0,2024-05-30,Rent,798.65,Paid,2024-05-30
580,2,27.0,2024-06-29,Rent,798.65,Paid,2024-06-29
581,2,27.0,2024-07-29,Rent,798.65,Paid,2024-07-29
582,2,27.0,2024-08-28,Rent,798.65,Paid,2024-08-28
583,2,27.0,2024-09-27,Rent,798.65,Paid,2024-09-27
584,20,28.0,2023-08-24,Rent,1473.95,Paid,2023-08-24
585,20,28.0,2023-09-23,Rent,1473.95,Paid,2023-09-23
586,20,28.0,2023-10-23,Rent,1473.95,Paid,2023-10-23
587,20,28.0,2023-11-22,Rent,1473.95,Paid,2023-11-22
588,20,28.0,2023-12-22,Rent,1473.95,Paid,2023-12-22
589,20,28.0,2024-01-21,Rent,1473.95,Paid,2024-01-21
590,20,28.0,2024-02-20,Rent,1473.95,Paid,2024-02-20
591,20,28.0,2024-03-21,Rent,1473.95,Paid,2024-03-21
592,20,28.0,2024-04-20,Rent,1473.95,Paid,2024-04-20
593,20,28.0,2024-05-20,Rent,1473.95,Paid,2024-05-20
594,20,28.0,2024-06-19,Rent,1473.95,Paid,2024-06-19
595,20,28.0,2024-07-19,Rent,1473.95,Paid,2024-07-19
596,20,28.0,2024-08-18,Rent,1473.95,Paid,2024-08-18
597,20,28.0,2024-09-17,Rent,1473.95,Pending,2024-09-17
598,20,28.0,2024-10-17,Rent,1473.95,Paid,2024-10-17
599,20,28.0,2024-11-16,Rent,1473.95,Paid,2024-11-16
600,20,28.0,2024-12-16,Rent,1473.95,Paid,2024-12-16
601,4,29.0,2022-12-03,Rent,1503.71,Paid,2022-12-03
602,4,29.0,2023-01-02,Rent,1503.71,Paid,2023-01-02
603,4,29.0,2023-02-01,Rent,1503.71,Paid,2023-02-01
604,4,29.0,2023-03-03,Rent,1503.71,Paid,2023-03-03
605,4,29.0,2023-04-02,Rent,1503.71,Paid,2023-04-02
606,4,29.0,2023-05-02,Rent,1503.71,Paid,2023-05-02
607,4,29.0,2023-06-01,Rent,1503.71,Paid,2023-06-01
608,4,29.0,2023-07-01,Rent,1503.71,Paid,2023-07-01
609,4,29.0,2023-07-31,Rent,1503.71,Paid,2023-07-31
610,4,29.0,2023-08-30,Rent,1503.71,Paid,2023-08-30
611,4,29.0,2023-09-29,Rent,1503.71,Paid,2023-09-29
612,4,29.0,2023-10-29,Rent,1503.71,Paid,2023-10-29
613,4,29.0,2023-11-28,Rent,1503.71,Paid,2023-11-28
614,4,29.0,2023-12-28,Rent,1503.71,Paid,2023-12-28
615,4,29.0,2024-01-27,Rent,1503.71,Paid,2024-01-27
616,4,29.0,2024-02-26,Rent,1503.71,Paid,2024-02-26
617,4,29.0,2024-03-27,Rent,1503.71,Paid,2024-03-27
618,4,29.0,2024-04-26,Rent,1503.71,Paid,2024-04-26
619,7,30.0,2022-01-03,Rent,1162.81,Paid,2022-01-03
620,7,30.0,2022-02-02,Rent,1162.81,Paid,2022-02-02
621,7,30.0,2022-03-04,Rent,1162.81,Paid,2022-03-04
622,7,30.0,2022-04-03,Rent,1162.81,Paid,2022-04-03
623,7,30.0,2022-05-03,Rent,1162.81,Paid,2022-05-03
624,7,30.0,2022-06-02,Rent,1162.81,Paid,2022-06-02
625,7,30.0,2022-07-02,Rent,1162.81,Paid,2022-07-02
626,7,30.0,2022-08-01,Rent,1162.81,Paid,2022-08-01
627,7,30.0,2022-08-31,Rent,1162.81,Pending,2022-08-31
628,7,30.0,2022-09-30,Rent,1162.81,Paid,2022-09-30
629,7,30.0,2022-10-30,Rent,1162.81,Paid,2022-10-30
630,7,30.0,2022-11-29,Rent,1162.81,Paid,2022-11-29
631,7,30.0,2022-12-29,Rent,1162.81,Paid,2022-12-29
632,7,30.0,2023-01-28,Rent,1162.81,Paid,2023-01-28
633,7,30.0,2023-02-27,Rent,1162.81,Paid,2023-02-27
634,7,30.0,2023-03-29,Rent,1162.81,Paid,2023-03-29
635,7,30.0,2023-04-28,Rent,1162.81,Paid,2023-04-28
636,7,30.0,2023-05-28,Rent,1162.81,Paid,2023-05-28
637,7,30.0,2023-06-27,Rent,1162.81,Paid,2023-06-27
638,7,30.0,2023-07-27,Rent,1162.81,Paid,2023-07-27
639,7,30.0,2023-08-26,Rent,1162.81,Paid,2023-08-26
640,7,30.0,2023-09-25,Rent,1162.81,Paid,2023-09-25
641,6,31.0,2022-05-14,Rent,589.72,Paid,2022-05-14
642,6,31.0,2022-06-13,Rent,589.72,Paid,2022-06-13
643,6,31.0,2022-07-13,Rent,589.72,Paid,2022-07-13
644,6,31.0,2022-08-12,Rent,589.72,Paid,2022-08-12
645,6,31.0,2022-09-11,Rent,589.72,Paid,2022-09-11
646,6,31.0,2022-10-11,Rent,589.72,Paid,2022-10-11
647,6,31.0,2022-11-10,Rent,589.72,Paid,2022-11-10
648,6,31.0,2022-12-10,Rent,589.72,Paid,2022-12-10
649,6,31.0,2023-01-09,Rent,589.72,Paid,2023-01-09
650,6,31.0,2023-02-08,Rent,589.72,Paid,2023-02-08
651,6,31.0,2023-03-10,Rent,589.72,Paid,2023-03-10
652,6,31.0,2023-04-09,Rent,589.72,Paid,2023-04-09
653,6,31.0,2023-05-09,Rent,589.72,Paid,2023-05-09
654,6,31.0,2023-06-08,Rent,589.72,Paid,2023-06-08
655,6,31.0,2023-07-08,Rent,589.72,Paid,2023-07-08
656,6,31.0,2023-08-07,Rent,589.72,Paid,2023-08-07
657,6,31.0,2023-09-06,Rent,589.72,Paid,2023-09-06
658,6,31.0,2023-10-06,Rent,589.72,Paid,2023-10-06
659,6,31.0,2023-11-05,Rent,589.72,Paid,2023-11-05
660,6,31.0,2023-12-05,Rent,589.72,Paid,2023-12-05
661,6,31.0,2024-01-04,Rent,589.72,Pending,2024-01-04
662,6,31.0,2024-02-03,Rent,589.72,Paid,2024-02-03
663,6,31.0,2024-03-04,Rent,589.72,Paid,2024-03-04
664,6,31.0,2024-04-03,Rent,589.72,Pending,2024-04-03
665,6,31.0,2024-05-03,Rent,589.72,Paid,2024-05-03
666,6,31.0,2024-06-02,Rent,589.72,Paid,2024-06-02
667,6,31.0,2024-07-02,Rent,589.72,Paid,2024-07-02
668,6,31.0,2024-08-01,Rent,589.72,Paid,2024-08-01
669,6,31.0,2024-08-31,Rent,589.72,Paid,2024-08-31
670,6,31.0,2024-09-30,Rent,589.72,Paid,2024-09-30
671,6,31.0,2024-10-30,Rent,589.72,Paid,2024-10-30
672,17,32.0,2022-06-28,Rent,564.24,Paid,2022-06-28
673,17,32.0,2022-07-28,Rent,564.24,Paid,2022-07-28
674,17,32.0,2022-08-27,Rent,564.24,Paid,2022-08-27
675,17,32.0,2022-09-26,Rent,564.24,Paid,2022-09-26
676,17,32.0,2022-10-26,Rent,564.24,Paid,2022-10-26
677,17,32.0,2022-11-25,Rent,564.24,Paid,2022-11-25
678,17,32.0,2022-12-25,Rent,564.24,Paid,2022-12-25
679,17,32.0,2023-01-24,Rent,564.24,Paid,2023-01-24
680,17,32.0,2023-02-23,Rent,564.24,Paid,2023-02-23
681,17,32.0,2023-03-25,Rent,564.24,Paid,2023-03-25
682,17,32.0,2023-04-24,Rent,564.24,Paid,2023-04-24
683,17,32.0,2023-05-24,Rent,564.24,Paid,2023-05-24
684,17,32.0,2023-06-23,Rent,564.24,Paid,2023-06-23
685,17,32.0,2023-07-23,Rent,564.24,Paid,2023-07-23
686,17,32.0,2023-08-22,Rent,564.24,Paid,2023-08-22
687,17,32.0,2023-09-21,Rent,564.24,Paid,2023-09-21
688,11,33.0,2022-01-27,Rent,1284.64,Paid,2022-01-27
689,11,33.0,2022-02-26,Rent,1284.64,Paid,2022-02-26
690,11,33.0,2022-03-28,Rent,1284.64,Paid,2022-03-28
691,11,33.0,2022-04-27,Rent,1284.64,Paid,2022-04-27
692,11,33.0,2022-05-27,Rent,1284.64,Paid,2022-05-27
693,11,33.0,2022-06-26,Rent,1284.64,Pending,2022-06-26
694,11,33.0,2022-07-26,Rent,1284.64,Pending,2022-07-26
695,11,33.0,2022-08-25,Rent,1284.64,Paid,2022-08-25
696,11,33.0,2022-09-24,Rent,1284.64,Paid,2022-09-24
697,11,33.0,2022-10-24,Rent,1284.64,Paid,2022-10-24
698,11,33.0,2022-11-23,Rent,1284.64,Paid,2022-11-23
699,11,33.0,2022-12-23,Rent,1284.64,Paid,2022-12-23
700,11,33.0,2023-01-22,Rent,1284.64,Paid,2023-01-22
701,11,33.0,2023-02-21,Rent,1284.64,Paid,2023-02-21
702,11,33.0,2023-03-23,Rent,1284.64,Paid,2023-03-23
703,11,33.0,2023-04-22,Rent,1284.64,Paid,2023-04-22
704,11,33.0,2023-05-22,Rent,1284.64,Paid,2023-05-22
705,13,34.0,2023-01-02,Rent,729.13,Paid,2023-01-02
706,13,34.0,2023-02-01,Rent,729.13,Pending,2023-02-01
707,13,34.0,2023-03-03,Rent,729.13,Paid,2023-03-03
708,13,34.0,2023-04-02,Rent,729.13,Paid,2023-04-02
709,13,34.0,2023-05-02,Rent,729.13,Pending,2023-05-02
710,13,34.0,2023-06-01,Rent,729.13,Paid,2023-06-01
711,13,34.0,2023-07-01,Rent,729.13,Paid,2023-07-01
712,13,34.0,2023-07-31,Rent,729.13,Paid,2023-07-31
713,13,34.0,2023-08-30,Rent,729.13,Paid,2023-08-30
714,13,34.0,2023-09-29,Rent,729.13,Paid,2023-09-29
715,13,34.0,2023-10-29,Rent,729.13,Paid,2023-10-29
716,13,34.0,2023-11-28,Rent,729.13,Paid,2023-11-28
717,13,34.0,2023-12-28,Rent,729.13,Paid,2023-12-28
718,13,34.0,2024-01-27,Rent,729.13,Paid,2024-01-27
719,13,34.0,2024-02-26,Rent,729.13,Paid,2024-02-26
720,13,34.0,2024-03-27,Rent,729.13,Paid,2024-03-27
721,13,34.0,2024-04-26,Rent,729.13,Paid,2024-04-26
722,13,34.0,2024-05-26,Rent,729.13,Paid,2024-05-26
723,13,34.0,2024-06-25,Rent,729.13,Paid,2024-06-25
724,13,34.0,2024-07-25,Rent,729.13,Paid,2024-07-25
725,13,34.0,2024-08-24,Rent,729.13,Paid,2024-08-24
726,7,35.0,2022-11-28,Rent,985.0,Paid,2022-11-28
727,7,35.0,2022-12-28,Rent,985.0,Paid,2022-12-28
728,7,35.0,2023-01-27,Rent,985.0,Paid,2023-01-27
729,7,35.0,2023-02-26,Rent,985.0,Paid,2023-02-26
730,7,35.0,2023-03-28,Rent,985.0,Paid,2023-03-28
731,7,35.0,2023-04-27,Rent,985.0,Paid,2023-04-27
732,7,35.0,2023-05-27,Rent,985.0,Paid,2023-05-27
733,7,35.0,2023-06-26,Rent,985.0,Paid,2023-06-26
734,7,35.0,2023-07-26,Rent,985.0,Paid,2023-07-26
735,7,35.0,2023-08-25,Rent,985.0,Pending,2023-08-25
736,7,35.0,2023-09-24,Rent,985.0,Paid,2023-09-24
737,7,35.0,2023-10-24,Rent,985.0,Paid,2023-10-24
738,7,35.0,2023-11-23,Rent,985.0,Paid,2023-11-23
739,10,36.0,2022-09-29,Rent,1606.75,Paid,2022-09-29
740,10,36.0,2022-10-29,Rent,1606.75,Paid,2022-10-29
741,10,36.0,2022-11-28,Rent,1606.75,Paid,2022-11-28
742,10,36.0,2022-12-28,Rent,1606.75,Paid,2022-12-28
743,10,36.0,2023-01-27,Rent,1606.75,Paid,2023-01-27
744,10,36.0,2023-02-26,Rent,1606.75,Paid,2023-02-26
745,10,36.0,2023-03-28,Rent,1606.75,Paid,2023-03-28
746,10,36.0,2023-04-27,Rent,1606.75,Paid,2023-04-27
747,10,36.0,2023-05-27,Rent,1606.75,Paid,2023-05-27
748,10,36.0,2023-06-26,Rent,1606.75,Paid,2023-06-26
749,10,36.0,2023-07-26,Rent,1606.75,Paid,2023-07-26
750,10,36.0,2023-08-25,Rent,1606.75,Paid,2023-08-25
751,10,36.0,2023-09-24,Rent,1606.75,Paid,2023-09-24
752,10,36.0,2023-10-24,Rent,1606.75,Paid,2023-10-24
753,15,37.0,2023-03-08,Rent,966.45,Paid,2023-03-08
754,15,37.0,2023-04-07,Rent,966.45,Paid,2023-04-07
755,15,37.0,2023-05-07,Rent,966.45,Paid,2023-05-07
756,15,37.0,2023-06-06,Rent,966.45,Paid,2023-06-06
757,15,37.0,2023-07-06,Rent,966.45,Paid,2023-07-06
758,15,37.0,2023-08-05,Rent,966.45,Paid,2023-08-05
759,15,37.0,2023-09-04,Rent,966.45,Paid,2023-09-04
760,15,37.0,2023-10-04,Rent,966.45,Paid,2023-10-04
761,15,37.0,2023-11-03,Rent,966.45,Pending,2023-11-03
762,15,37.0,2023-12-03,Rent,966.45,Paid,2023-12-03
763,15,37.0,2024-01-02,Rent,966.45,Paid,2024-01-02
764,15,37.0,2024-02-01,Rent,966.45,Paid,2024-02-01
765,15,37.0,2024-03-02,Rent,966.45,Paid,2024-03-02
766,15,37.0,2024-04-01,Rent,966.45,Paid,2024-04-01
767,15,37.0,2024-05-01,Rent,966.45,Paid,2024-05-01
768,15,37.0,2024-05-31,Rent,966.45,Paid,2024-05-31
769,15,37.0,2024-06-30,Rent,966.45,Paid,2024-06-30
770,15,37.0,2024-07-30,Rent,966.45,Paid,2024-07-30
771,15,37.0,2024-08-29,Rent,966.45,Paid,2024-08-29
772,15,37.0,2024-09-28,Rent,966.45,Paid,2024-09-28
773,15,37.0,2024-10-28,Rent,966.45,Paid,2024-10-28
774,15,37.0,2024-11-27,Rent,966.45,Paid,2024-11-27
775,15,37.0,2024-12-27,Rent,966.45,Paid,2024-12-27
776,3,38.0,2022-03-07,Rent,1026.24,Paid,2022-03-07
777,3,38.0,2022-04-06,Rent,1026.24,Paid,2022-04-06
778,3,38.0,2022-05-06,Rent,1026.24,Paid,2022-05-06
779,3,38.0,2022-06-05,Rent,1026.24,Paid,2022-06-05
780,3,38.0,2022-07-05,Rent,1026.24,Paid,2022-07-05
781,3,38.0,2022-08-04,Rent,1026.24,Paid,2022-08-04
782,3,38.0,2022-09-03,Rent,1026.24,Paid,2022-09-03
783,3,38.0,2022-10-03,Rent,1026.24,Paid,2022-10-03
784,3,38.0,2022-11-02,Rent,1026.24,Paid,2022-11-02
785,3,38.0,2022-12-02,Rent,1026.24,Paid,2022-12-02
786,3,38.0,2023-01-01,Rent,1026.24,Paid,2023-01-01
787,3,38.0,2023-01-31,Rent,1026.24,Paid,2023-01-31
788,3,38.0,2023-03-02,Rent,1026.24,Paid,2023-03-02
789,3,38.0,2023-04-01,Rent,1026.24,Paid,2023-04-01
790,3,38.0,2023-05-01,Rent,1026.24,Paid,2023-05-01
791,3,38.0,2023-05-31,Rent,1026.24,Paid,2023-05-31
792,3,38.0,2023-06-30,Rent,1026.24,Paid,2023-06-30
793,3,38.0,2023-07-30,Rent,1026.24,Paid,2023-07-30
794,3,38.0,2023-08-29,Rent,1026.24,Paid,2023-08-29
795,3,38.0,2023-09-28,Rent,1026.24,Paid,2023-09-28
796,3,38.0,2023-10-28,Rent,1026.24,Paid,2023-10-28
797,3,38.0,2023-11-27,Rent,1026.24,Paid,2023-11-27
798,3,38.0,2023-12-27,Rent,1026.24,Paid,2023-12-27
799,3,38.0,2024-01-26,Rent,1026.24,Paid,2024-01-26
800,3,38.0,2024-02-25,Rent,1026.24,Paid,2024-02-25
801,3,38.0,2024-03-26,Rent,1026.24,Paid,2024-03-26
802,3,38.0,2024-04-25,Rent,1026.24,Paid,2024-04-25
803,3,38.0,2024-05-25,Rent,1026.24,Paid,2024-05-25
804,3,38.0,2024-06-24,Rent,1026.24,Paid,2024-06-24
805,11,39.0,2023-01-06,Rent,744.23,Paid,2023-01-06
806,11,39.0,2023-02-05,Rent,744.23,Paid,2023-02-05
807,11,39.0,2023-03-07,Rent,744.23,Paid,2023-03-07
808,11,39.0,2023-04-06,Rent,744.23,Paid,2023-04-06
809,11,39.0,2023-05-06,Rent,744.23,Paid,2023-05-06
810,11,39.0,2023-06-05,Rent,744.23,Paid,2023-06-05
811,11,39.0,2023-07-05,Rent,744.23,Paid,2023-07-05
812,11,39.0,2023-08-04,Rent,744.23,Paid,2023-08-04
813,11,39.0,2023-09-03,Rent,744.23,Paid,2023-09-03
814,11,39.0,2023-10-03,Rent,744.23,Paid,2023-10-03
815,11,39.0,2023-11-02,Rent,744.23,Paid,2023-11-02
816,11,39.0,2023-12-02,Rent,744.23,Paid,2023-12-02
817,11,39.0,2024-01-01,Rent,744.23,Paid,2024-01-01
818,11,39.0,2024-01-31,Rent,744.23,Paid,2024-01-31
819,11,39.0,2024-03-01,Rent,744.23,Paid,2024-03-01
820,11,39.0,2024-03-31,Rent,744.23,Paid,2024-03-31
821,11,39.0,2024-04-30,Rent,744.23,Paid,2024-04-30
822,11,39.0,2024-05-30,Rent,744.23,Pending,2024-05-30
823,11,39.0,2024-06-29,Rent,744.23,Paid,2024-06-29
824,11,39.0,2024-07-29,Rent,744.23,Paid,2024-07-29
825,11,39.0,2024-08-28,Rent,744.23,Paid,2024-08-28
826,11,39.0,2024-09-27,Rent,744.23,Paid,2024-09-27
827,11,39.0,2024-10-27,Rent,744.23,Paid,2024-10-27
828,11,39.0,2024-11-26,Rent,744.23,Paid,2024-11-26
829,11,39.0,2024-12-26,Rent,744.23,Paid,2024-12-26
830,12,40.0,2022-04-22,Rent,1354.87,Paid,2022-04-22
831,12,40.0,2022-05-22,Rent,1354.87,Paid,2022-05-22
832,12,40.0,2022-06-21,Rent,1354.87,Paid,2022-06-21
833,12,40.0,2022-07-21,Rent,1354.87,Paid,2022-07-21
834,12,40.0,2022-08-20,Rent,1354.87,Paid,2022-08-20
835,12,40.0,2022-09-19,Rent,1354.87,Paid,2022-09-19
836,12,40.0,2022-10-19,Rent,1354.87,Paid,2022-10-19
837,12,40.0,2022-11-18,Rent,1354.87,Paid,2022-11-18
838,12,40.0,2022-12-18,Rent,1354.87,Paid,2022-12-18
839,12,40.0,2023-01-17,Rent,1354.87,Paid,2023-01-17
840,12,40.0,2023-02-16,Rent,1354.87,Paid,2023-02-16
841,12,40.0,2023-03-18,Rent,1354.87,Paid,2023-03-18
842,12,40.0,2023-04-17,Rent,1354.87,Paid,2023-04-17
843,12,40.0,2023-05-17,Rent,1354.87,Paid,2023-05-17
844,12,40.0,2023-06-16,Rent,1354.87,Paid,2023-06-16
845,12,40.0,2023-07-16,Rent,1354.87,Paid,2023-07-16
846,12,40.0,2023-08-15,Rent,1354.87,Pending,2023-08-15
847,12,40.0,2023-09-14,Rent,1354.87,Paid,2023-09-14
848,12,40.0,2023-10-14,Rent,1354.87,Paid,2023-10-14
849,12,40.0,2023-11-13,Rent,1354.87,Paid,2023-11-13
850,12,40.0,2023-12-13,Rent,1354.87,Paid,2023-12-13
851,12,40.0,2024-01-12,Rent,1354.87,Paid,2024-01-12
852,12,40.0,2024-02-11,Rent,1354.87,Paid,2024-02-11
853,12,40.0,2024-03-12,Rent,1354.87,Paid,2024-03-12
854,12,40.0,2024-04-11,Rent,1354.87,Paid,2024-04-11
855,12,40.0,2024-05-11,Rent,1354.87,Paid,2024-05-11
856,12,40.0,2024-06-10,Rent,1354.87,Paid,2024-06-10
857,12,40.0,2024-07-10,Rent,1354.87,Paid,2024-07-10
858,1,41.0,2022-08-15,Rent,509.31,Paid,2022-08-15
859,1,41.0,2022-09-14,Rent,509.31,Paid,2022-09-14
860,1,41.0,2022-10-14,Rent,509.31,Paid,2022-10-14
861,1,41.0,2022-11-13,Rent,509.31,Paid,2022-11-13
862,1,41.0,2022-12-13,Rent,509.31,Paid,2022-12-13
863,1,41.0,2023-01-12,Rent,509.31,Paid,2023-01-12
864,1,41.0,2023-02-11,Rent,509.31,Paid,2023-02-11
865,1,41.0,2023-03-13,Rent,509.31,Paid,2023-03-13
866,1,41.0,2023-04-12,Rent,509.31,Paid,2023-04-12
867,1,41.0,2023-05-12,Rent,509.31,Paid,2023-05-12
868,1,41.0,2023-06-11,Rent,509.31,Paid,2023-06-11
869,1,41.0,2023-07-11,Rent,509.31,Paid,2023-07-11
870,1,41.0,2023-08-10,Rent,509.31,Paid,2023-08-10
871,1,41.0,2023-09-09,Rent,509.31,Paid,2023-09-09
872,1,41.0,2023-10-09,Rent,509.31,Paid,2023-10-09
873,1,41.0,2023-11-08,Rent,509.31,Paid,2023-11-08
874,1,41.0,2023-12-08,Rent,509.31,Paid,2023-12-08
875,1,41.0,2024-01-07,Rent,509.31,Paid,2024-01-07
876,1,41.0,2024-02-06,Rent,509.31,Pending,2024-02-06
877,1,41.0,2024-03-07,Rent,509.31,Paid,2024-03-07
878,1,41.0,2024-04-06,Rent,509.31,Paid,2024-04-06
879,1,41.0,2024-05-06,Rent,509.31,Paid,2024-05-06
880,1,41.0,2024-06-05,Rent,509.31,Paid,2024-06-05
881,1,41.0,2024-07-05,Rent,509.31,Paid,2024-07-05
882,1,41.0,2024-08-04,Rent,509.31,Paid,2024-08-04
883,1,41.0,2024-09-03,Rent,509.31,Paid,2024-09-03
884,1,41.0,2024-10-03,Rent,509.31,Paid,2024-10-03
885,1,41.0,2024-11-02,Rent,509.31,Paid,2024-11-02
886,1,41.0,2024-12-02,Rent,509.31,Paid,2024-12-02
887,14,42.0,2023-11-06,Rent,809.66,Paid,2023-11-06
888,14,42.0,2023-12-06,Rent,809.66,Paid,2023-12-06
889,14,42.0,2024-01-05,Rent,809.66,Paid,2024-01-05
890,14,42.0,2024-02-04,Rent,809.66,Paid,2024-02-04
891,14,42.0,2024-03-05,Rent,809.66,Paid,2024-03-05
892,14,42.0,2024-04-04,Rent,809.66,Paid,2024-04-04
893,14,42.0,2024-05-04,Rent,809.66,Paid,2024-05-04
894,14,42.0,2024-06-03,Rent,809.66,Paid,2024-06-03
895,14,42.0,2024-07-03,Rent,809.66,Paid,2024-07-03
896,14,42.0,2024-08-02,Rent,809.66,Paid,2024-08-02
897,14,42.0,2024-09-01,Rent,809.66,Paid,2024-09-01
898,14,42.0,2024-10-01,Rent,809.66,Paid,2024-10-01
899,14,42.0,2024-10-31,Rent,809.66,Pending,2024-10-31
900,14,42.0,2024-11-30,Rent,809.66,Paid,2024-11-30
901,14,42.0,2024-12-30,Rent,809.66,Paid,2024-12-30
902,14,43.0,2023-04-15,Rent,1585.66,Paid,2023-04-15
903,14,43.0,2023-05-15,Rent,1585.66,Paid,2023-05-15
904,14,43.0,2023-06-14,Rent,1585.66,Paid,2023-06-14
905,14,43.0,2023-07-14,Rent,1585.66,Paid,2023-07-14
906,14,43.0,2023-08-13,Rent,1585.66,Paid,2023-08-13
907,14,43.0,2023-09-12,Rent,1585.66,Paid,2023-09-12
908,14,43.0,2023-10-12,Rent,1585.66,Paid,2023-10-12
909,14,43.0,2023-11-11,Rent,1585.66,Paid,2023-11-11
910,14,43.0,2023-12-11,Rent,1585.66,Paid,2023-12-11
911,14,43.0,2024-01-10,Rent,1585.66,Paid,2024-01-10
912,14,43.0,2024-02-09,Rent,1585.66,Paid,2024-02-09
913,14,43.0,2024-03-10,Rent,1585.66,Paid,2024-03-10
914,14,43.0,2024-04-09,Rent,1585.66,Paid,2024-04-09
915,14,43.0,2024-05-09,Rent,1585.66,Paid,2024-05-09
916,14,43.0,2024-06-08,Rent,1585.66,Paid,2024-06-08
917,14,43.0,2024-07-08,Rent,1585.66,Paid,2024-07-08
918,14,43.0,2024-08-07,Rent,1585.66,Paid,2024-08-07
919,14,43.0,2024-09-06,Rent,1585.66,Paid,2024-09-06
920,14,43.0,2024-10-06,Rent,1585.66,Paid,2024-10-06
921,14,43.0,2024-11-05,Rent,1585.66,Paid,2024-11-05
922,14,43.0,2024-12-05,Rent,1585.66,Paid,2024-12-05
923,11,44.0,2022-03-04,Rent,515.49,Paid,2022-03-04
924,11,44.0,2022-04-03,Rent,515.49,Paid,2022-04-03
925,11,44.0,2022-05-03,Rent,515.49,Paid,2022-05-03
926,11,44.0,2022-06-02,Rent,515.49,Paid,2022-06-02
927,11,44.0,2022-07-02,Rent,515.49,Paid,2022-07-02
928,11,44.0,2022-08-01,Rent,515.49,Paid,2022-08-01
929,11,44.0,2022-08-31,Rent,515.49,Paid,2022-08-31
930,11,44.0,2022-09-30,Rent,515.49,Paid,2022-09-30
931,11,44.0,2022-10-30,Rent,515.49,Paid,2022-10-30
932,11,44.0,2022-11-29,Rent,515.49,Paid,2022-11-29
933,11,44.0,2022-12-29,Rent,515.49,Paid,2022-12-29
934,11,44.0,2023-01-28,Rent,515.49,Paid,2023-01-28
935,11,44.0,2023-02-27,Rent,515.49,Paid,2023-02-27
936,11,44.0,2023-03-29,Rent,515.49,Paid,2023-03-29
937,11,44.0,2023-04-28,Rent,515.49,Paid,2023-04-28
938,11,44.0,2023-05-28,Rent,515.49,Paid,2023-05-28
939,11,44.0,2023-06-27,Rent,515.49,Paid,2023-06-27
940,11,44.0,2023-07-27,Rent,515.49,Paid,2023-07-27
941,11,44.0,2023-08-26,Rent,515.49,Paid,2023-08-26
942,11,44.0,2023-09-25,Rent,515.49,Paid,2023-09-25
943,11,44.0,2023-10-25,Rent,515.49,Paid,2023-10-25
944,11,44.0,2023-11-24,Rent,515.49,Pending,2023-11-24
945,11,44.0,2023-12-24,Rent,515.49,Paid,2023-12-24
946,11,44.0,2024-01-23,Rent,515.49,Pending,2024-01-23
947,11,44.0,2024-02-22,Rent,515.49,Paid,2024-02-22
948,11,44.0,2024-03-23,Rent,515.49,Paid,2024-03-23
949,11,44.0,2024-04-22,Rent,515.49,Paid,2024-04-22
950,11,44.0,2024-05-22,Rent,515.49,Paid,2024-05-22
951,11,44.0,2024-06-21,Rent,515.49,Paid,2024-06-21
952,6,45.0,2023-03-13,Rent,443.44,Paid,2023-03-13
953,6,45.0,2023-04-12,Rent,443.44,Paid,2023-04-12
954,6,45.0,2023-05-12,Rent,443.44,Paid,2023-05-12
955,6,45.0,2023-06-11,Rent,443.44,Paid,2023-06-11
956,6,45.0,2023-07-11,Rent,443.44,Paid,2023-07-11
957,6,45.0,2023-08-10,Rent,443.44,Paid,2023-08-10
958,6,45.0,2023-09-09,Rent,443.44,Paid,2023-09-09
959,6,45.0,2023-10-09,Rent,443.44,Paid,2023-10-09
960,6,45.0,2023-11-08,Rent,443.44,Paid,2023-11-08
961,6,45.0,2023-12-08,Rent,443.44,Paid,2023-12-08
962,6,45.0,2024-01-07,Rent,443.44,Paid,2024-01-07
963,6,45.0,2024-02-06,Rent,443.44,Paid,2024-02-06
964,6,45.0,2024-03-07,Rent,443.44,Paid,2024-03-07
965,6,45.0,2024-04-06,Rent,443.44,Paid,2024-04-06
966,6,45.0,2024-05-06,Rent,443.44,Pending,2024-05-06
967,6,45.0,2024-06-05,Rent,443.44,Paid,2024-06-05
968,6,45.0,2024-07-05,Rent,443.44,Paid,2024-07-05
969,6,45.0,2024-08-04,Rent,443.44,Paid,2024-08-04
970,6,45.0,2024-09-03,Rent,443.44,Paid,2024-09-03
971,6,45.0,2024-10-03,Rent,443.44,Paid,2024-10-03
972,6,45.0,2024-11-02,Rent,443.44,Paid,2024-11-02
973,6,45.0,2024-12-02,Rent,443.44,Paid,2024-12-02
974,17,46.0,2023-05-18,Rent,650.37,Paid,2023-05-18
975,17,46.0,2023-06-17,Rent,650.37,Paid,2023-06-17
976,17,46.0,2023-07-17,Rent,650.37,Paid,2023-07-17
977,17,46.0,2023-08-16,Rent,650.37,Paid,2023-08-16
978,17,46.0,2023-09-15,Rent,650.37,Paid,2023-09-15
979,17,46.0,2023-10-15,Rent,650.37,Paid,2023-10-15
980,17,46.0,2023-11-14,Rent,650.37,Paid,2023-11-14
981,17,46.0,2023-12-14,Rent,650.37,Paid,2023-12-14
982,17,46.0,2024-01-13,Rent,650.37,Paid,2024-01-13
983,17,46.0,2024-02-12,Rent,650.37,Paid,2024-02-12
984,17,46.0,2024-03-13,Rent,650.37,Paid,2024-03-13
985,17,46.0,2024-04-12,Rent,650.37,Paid,2024-04-12
986,17,46.0,2024-05-12,Rent,650.37,Paid,2024-05-12
987,17,46.0,2024-06-11,Rent,650.37,Paid,2024-06-11
988,17,46.0,2024-07-11,Rent,650.37,Paid,2024-07-11
989,17,46.0,2024-08-10,Rent,650.37,Paid,2024-08-10
990,17,46.0,2024-09-09,Rent,650.37,Paid,2024-09-09
991,17,46.0,2024-10-09,Rent,650.37,Paid,2024-10-09
992,17,46.0,2024-11-08,Rent,650.37,Paid,2024-11-08
993,17,46.0,2024-12-08,Rent,650.37,Paid,2024-12-08
994,18,47.0,2022-03-17,Rent,1390.55,Paid,2022-03-17
995,18,47.0,2022-04-16,Rent,1390.55,Paid,2022-04-16
996,18,47.0,2022-05-16,Rent,1390.55,Paid,2022-05-16
997,18,47.0,2022-06-15,Rent,1390.55,Paid,2022-06-15
998,18,47.0,2022-07-15,Rent,1390.55,Paid,2022-07-15
999,18,47.0,2022-08-14,Rent,1390.55,Paid,2022-08-14
1000,18,47.0,2022-09-13,Rent,1390.55,Paid,2022-09-13
1001,18,47.0,2022-10-13,Rent,1390.55,Paid,2022-10-13
1002,18,47.0,2022-11-12,Rent,1390.55,Paid,2022-11-12
1003,18,47.0,2022-12-12,Rent,1390.55,Paid,2022-12-12
1004,18,47.0,2023-01-11,Rent,1390.55,Paid,2023-01-11
1005,18,47.0,2023-02-10,Rent,1390.55,Paid,2023-02-10
1006,18,47.0,2023-03-12,Rent,1390.55,Paid,2023-03-12
1007,18,47.0,2023-04-11,Rent,1390.55,Paid,2023-04-11
1008,18,47.0,2023-05-11,Rent,1390.55,Paid,2023-05-11
1009,14,48.0,2023-09-15,Rent,562.52,Paid,2023-09-15
1010,14,48.0,2023-10-15,Rent,562.52,Paid,2023-10-15
1011,14,48.0,2023-11-14,Rent,562.52,Paid,2023-11-14
1012,14,48.0,2023-12-14,Rent,562.52,Paid,2023-12-14
1013,14,48.0,2024-01-13,Rent,562.52,Paid,2024-01-13
1014,14,48.0,2024-02-12,Rent,562.52,Paid,2024-02-12
1015,14,48.0,2024-03-13,Rent,562.52,Paid,2024-03-13
1016,14,48.0,2024-04-12,Rent,562.52,Paid,2024-04-12
1017,14,48.0,2024-05-12,Rent,562.52,Paid,2024-05-12
1018,14,48.0,2024-06-11,Rent,562.52,Paid,2024-06-11
1019,14,48.0,2024-07-11,Rent,562.52,Paid,2024-07-11
1020,14,48.0,2024-08-10,Rent,562.52,Paid,2024-08-10
1021,14,48.0,2024-09-09,Rent,562.52,Paid,2024-09-09
1022,14,48.0,2024-10-09,Rent,562.52,Paid,2024-10-09
1023,14,48.0,2024-11-08,Rent,562.52,Paid,2024-11-08
1024,14,48.0,2024-12-08,Rent,562.52,Paid,2024-12-08
1025,5,49.0,2022-05-10,Rent,551.47,Paid,2022-05-10
1026,5,49.0,2022-06-09,Rent,551.47,Pending,2022-06-09
1027,5,49.0,2022-07-09,Rent,551.47,Paid,2022-07-09
1028,5,49.0,2022-08-08,Rent,551.47,Paid,2022-08-08
1029,5,49.0,2022-09-07,Rent,551.47,Paid,2022-09-07
1030,5,49.0,2022-10-07,Rent,551.47,Paid,2022-10-07
1031,5,49.0,2022-11-06,Rent,551.47,Paid,2022-11-06
1032,5,49.0,2022-12-06,Rent,551.47,Paid,2022-12-06
1033,5,49.0,2023-01-05,Rent,551.47,Paid,2023-01-05
1034,5,49.0,2023-02-04,Rent,551.47,Paid,2023-02-04
1035,5,49.0,2023-03-06,Rent,551.47,Paid,2023-03-06
1036,5,49.0,2023-04-05,Rent,551.47,Paid,2023-04-05
1037,5,49.0,2023-05-05,Rent,551.47,Paid,2023-05-05
1038,5,49.0,2023-06-04,Rent,551.47,Paid,2023-06-04
1039,5,49.0,2023-07-04,Rent,551.47,Paid,2023-07-04
1040,5,49.0,2023-08-03,Rent,551.47,Paid,2023-08-03
1041,5,49.0,2023-09-02,Rent,551.47,Paid,2023-09-02
1042,5,49.0,2023-10-02,Rent,551.47,Paid,2023-10-02
1043,5,49.0,2023-11-01,Rent,551.47,Paid,2023-11-01
1044,5,49.0,2023-12-01,Rent,551.47,Paid,2023-12-01
1045,5,49.0,2023-12-31,Rent,551.47,Paid,2023-12-31
1046,5,49.0,2024-01-30,Rent,551.47,Paid,2024-01-30
1047,6,50.0,2023-10-11,Rent,533.14,Paid,2023-10-11
1048,6,50.0,2023-11-10,Rent,533.14,Pending,2023-11-10
1049,6,50.0,2023-12-10,Rent,533.14,Paid,2023-12-10
1050,6,50.0,2024-01-09,Rent,533.14,Paid,2024-01-09
1051,6,50.0,2024-02-08,Rent,533.14,Paid,2024-02-08
1052,6,50.0,2024-03-09,Rent,533.14,Paid,2024-03-09
1053,6,50.0,2024-04-08,Rent,533.14,Paid,2024-04-08
1054,6,50.0,2024-05-08,Rent,533.14,Paid,2024-05-08
1055,6,50.0,2024-06-07,Rent,533.14,Paid,2024-06-07
1056,6,50.0,2024-07-07,Rent,533.14,Paid,2024-07-07
1057,6,50.0,2024-08-06,Rent,533.14,Paid,2024-08-06
1058,6,50.0,2024-09-05,Rent,533.14,Paid,2024-09-05
1059,6,50.0,2024-10-05,Rent,533.14,Paid,2024-10-05
1060,6,50.0,2024-11-04,Rent,533.14,Paid,2024-11-04
1061,6,50.0,2024-12-04,Rent,533.14,Paid,2024-12-04
1062,8,51.0,2023-12-31,Rent,1520.02,Paid,2023-12-31
1063,8,51.0,2024-01-30,Rent,1520.02,Paid,2024-01-30
1064,8,51.0,2024-02-29,Rent,1520.02,Paid,2024-02-29
1065,8,51.0,2024-03-30,Rent,1520.02,Paid,2024-03-30
1066,8,51.0,2024-04-29,Rent,1520.02,Paid,2024-04-29
1067,8,51.0,2024-05-29,Rent,1520.02,Paid,2024-05-29
1068,8,51.0,2024-06-28,Rent,1520.02,Paid,2024-06-28
1069,8,51.0,2024-07-28,Rent,1520.02,Paid,2024-07-28
1070,8,51.0,2024-08-27,Rent,1520.02,Paid,2024-08-27
1071,8,51.0,2024-09-26,Rent,1520.02,Paid,2024-09-26
1072,8,51.0,2024-10-26,Rent,1520.02,Paid,2024-10-26
1073,8,51.0,2024-11-25,Rent,1520.02,Paid,2024-11-25
1074,8,51.0,2024-12-25,Rent,1520.02,Paid,2024-12-25
1075,7,52.0,2023-09-04,Rent,1622.38,Paid,2023-09-04
1076,7,52.0,2023-10-04,Rent,1622.38,Paid,2023-10-04
1077,7,52.0,2023-11-03,Rent,1622.38,Paid,2023-11-03
1078,7,52.0,2023-12-03,Rent,1622.38,Paid,2023-12-03
1079,7,52.0,2024-01-02,Rent,1622.38,Paid,2024-01-02
1080,7,52.0,2024-02-01,Rent,1622.38,Paid,2024-02-01
1081,7,52.0,2024-03-02,Rent,1622.38,Paid,2024-03-02
1082,7,52.0,2024-04-01,Rent,1622.38,Paid,2024-04-01
1083,7,52.0,2024-05-01,Rent,1622.38,Paid,2024-05-01
1084,7,52.0,2024-05-31,Rent,1622.38,Paid,2024-05-31
1085,7,52.0,2024-06-30,Rent,1622.38,Paid,2024-06-30
1086,7,52.0,2024-07-30,Rent,1622.38,Paid,2024-07-30
1087,7,52.0,2024-08-29,Rent,1622.38,Paid,2024-08-29
1088,7,52.0,2024-09-28,Rent,1622.38,Paid,2024-09-28
1089,7,52.0,2024-10-28,Rent,1622.38,Paid,2024-10-28
1090,7,52.0,2024-11-27,Rent,1622.38,Paid,2024-11-27
1091,7,52.0,2024-12-27,Rent,1622.38,Paid,2024-12-27
1092,1,53.0,2023-04-10,Rent,859.97,Paid,2023-04-10
1093,1,53.0,2023-05-10,Rent,859.97,Paid,2023-05-10
1094,1,53.0,2023-06-09,Rent,859.97,Paid,2023-06-09
1095,1,53.0,2023-07-09,Rent,859.97,Paid,2023-07-09
1096,1,53.0,2023-08-08,Rent,859.97,Paid,2023-08-08
1097,1,53.0,2023-09-07,Rent,859.97,Paid,2023-09-07
1098,1,53.0,2023-10-07,Rent,859.97,Paid,2023-10-07
1099,1,53.0,2023-11-06,Rent,859.97,Paid,2023-11-06
1100,1,53.0,2023-12-06,Rent,859.97,Paid,2023-12-06
1101,1,53.0,2024-01-05,Rent,859.97,Paid,2024-01-05
1102,1,53.0,2024-02-04,Rent,859.97,Paid,2024-02-04
1103,1,53.0,2024-03-05,Rent,859.97,Paid,2024-03-05
1104,1,53.0,2024-04-04,Rent,859.97,Paid,2024-04-04
1105,1,53.0,2024-05-04,Rent,859.97,Paid,2024-05-04
1106,1,53.0,2024-06-03,Rent,859.97,Paid,2024-06-03
1107,1,53.0,2024-07-03,Rent,859.97,Paid,2024-07-03
1108,1,53.0,2024-08-02,Rent,859.97,Paid,2024-08-02
1109,1,53.0,2024-09-01,Rent,859.97,Paid,2024-09-01
1110,1,53.0,2024-10-01,Rent,859.97,Paid,2024-10-01
1111,1,53.0,2024-10-31,Rent,859.97,Paid,2024-10-31
1112,1,53.0,2024-11-30,Rent,859.97,Paid,2024-11-30
1113,1,53.0,2024-12-30,Rent,859.97,Paid,2024-12-30
1114,12,54.0,2023-03-17,Rent,697.99,Paid,2023-03-17
1115,12,54.0,2023-04-16,Rent,697.99,Paid,2023-04-16
1116,12,54.0,2023-05-16,Rent,697.99,Paid,2023-05-16
1117,12,54.0,2023-06-15,Rent,697.99,Paid,2023-06-15
1118,12,54.0,2023-07-15,Rent,697.99,Paid,2023-07-15
1119,12,54.0,2023-08-14,Rent,697.99,Paid,2023-08-14
1120,12,54.0,2023-09-13,Rent,697.99,Paid,2023-09-13
1121,12,54.0,2023-10-13,Rent,697.99,Paid,2023-10-13
1122,12,54.0,2023-11-12,Rent,697.99,Paid,2023-11-12
1123,12,54.0,2023-12-12,Rent,697.99,Pending,2023-12-12
1124,12,54.0,2024-01-11,Rent,697.99,Paid,2024-01-11
1125,12,54.0,2024-02-10,Rent,697.99,Paid,2024-02-10
1126,12,54.0,2024-03-11,Rent,697.99,Pending,2024-03-11
1127,12,54.0,2024-04-10,Rent,697.99,Paid,2024-04-10
1128,12,54.0,2024-05-10,Rent,697.99,Paid,2024-05-10
1129,12,54.0,2024-06-09,Rent,697.99,Paid,2024-06-09
1130,20,55.0,2022-04-28,Rent,593.71,Paid,2022-04-28
1131,20,55.0,2022-05-28,Rent,593.71,Paid,2022-05-28
1132,20,55.0,2022-06-27,Rent,593.71,Paid,2022-06-27
1133,20,55.0,2022-07-27,Rent,593.71,Paid,2022-07-27
1134,20,55.0,2022-08-26,Rent,593.71,Paid,2022-08-26
1135,20,55.0,2022-09-25,Rent,593.71,Paid,2022-09-25
1136,20,55.0,2022-10-25,Rent,593.71,Paid,2022-10-25
1137,20,55.0,2022-11-24,Rent,593.71,Paid,2022-11-24
1138,20,55.0,2022-12-24,Rent,593.71,Paid,2022-12-24
1139,20,55.0,2023-01-23,Rent,593.71,Paid,2023-01-23
1140,20,55.0,2023-02-22,Rent,593.71,Paid,2023-02-22
1141,20,55.0,2023-03-24,Rent,593.71,Paid,2023-03-24
1142,20,55.0,2023-04-23,Rent,593.71,Paid,2023-04-23
1143,20,55.0,2023-05-23,Rent,593.71,Paid,2023-05-23
1144,20,55.0,2023-06-22,Rent,593.71,Paid,2023-06-22
1145,20,55.0,2023-07-22,Rent,593.71,Paid,2023-07-22
1146,20,55.0,2023-08-21,Rent,593.71,Paid,2023-08-21
1147,20,55.0,2023-09-20,Rent,593.71,Paid,2023-09-20
1148,20,55.0,2023-10-20,Rent,593.71,Paid,2023-10-20
1149,20,55.0,2023-11-19,Rent,593.71,Paid,2023-11-19
1150,20,55.0,2023-12-19,Rent,593.71,Paid,2023-12-19
1151,20,55.0,2024-01-18,Rent,593.71,Paid,2024-01-18
1152,20,55.0,2024-02-17,Rent,593.71,Paid,2024-02-17
1153,20,55.0,2024-03-18,Rent,593.71,Paid,2024-03-18
1154,20,55.0,2024-04-17,Rent,593.71,Paid,2024-04-17
1155,20,55.0,2024-05-17,Rent,593.71,Pending,2024-05-17
1156,20,55.0,2024-06-16,Rent,593.71,Paid,2024-06-16
1157,20,55.0,2024-07-16,Rent,593.71,Paid,2024-07-16
1158,20,55.0,2024-08-15,Rent,593.71,Paid,2024-08-15
1159,20,55.0,2024-09-14,Rent,593.71,Paid,2024-09-14
1160,20,55.0,2024-10-14,Rent,593.71,Paid,2024-10-14
1161,20,55.0,2024-11-13,Rent,593.71,Paid,2024-11-13
1162,20,55.0,2024-12-13,Rent,593.71,Paid,2024-12-13
1163,10,56.0,2023-07-19,Rent,1483.6,Paid,2023-07-19
1164,10,56.0,2023-08-18,Rent,1483.6,Paid,2023-08-18
1165,10,56.0,2023-09-17,Rent,1483.6,Paid,2023-09-17
1166,10,56.0,2023-10-17,Rent,1483.6,Paid,2023-10-17
1167,10,56.0,2023-11-16,Rent,1483.6,Paid,2023-11-16
1168,10,56.0,2023-12-16,Rent,1483.6,Paid,2023-12-16
1169,10,56.0,2024-01-15,Rent,1483.6,Paid,2024-01-15
1170,10,56.0,2024-02-14,Rent,1483.6,Paid,2024-02-14
1171,10,56.0,2024-03-15,Rent,1483.6,Paid,2024-03-15
1172,10,56.0,2024-04-14,Rent,1483.6,Paid,2024-04-14
1173,10,56.0,2024-05-14,Rent,1483.6,Paid,2024-05-14
1174,10,56.0,2024-06-13,Rent,1483.6,Paid,2024-06-13
1175,10,56.0,2024-07-13,Rent,1483.6,Paid,2024-07-13
1176,10,56.0,2024-08-12,Rent,1483.6,Paid,2024-08-12
1177,10,56.0,2024-09-11,Rent,1483.6,Paid,2024-09-11
1178,10,56.0,2024-10-11,Rent,1483.6,Paid,2024-10-11
1179,10,56.0,2024-11-10,Rent,1483.6,Paid,2024-11-10
1180,10,56.0,2024-12-10,Rent,1483.6,Paid,2024-12-10
1181,6,57.0,2023-04-08,Rent,611.22,Paid,2023-04-08
1182,6,57.0,2023-05-08,Rent,611.22,Paid,2023-05-08
1183,6,57.0,2023-06-07,Rent,611.22,Paid,2023-06-07
1184,6,57.0,2023-07-07,Rent,611.22,Paid,2023-07-07
1185,6,57.0,2023-08-06,Rent,611.22,Paid,2023-08-06
1186,6,57.0,2023-09-05,Rent,611.22,Paid,2023-09-05
1187,6,57.0,2023-10-05,Rent,611.22,Paid,2023-10-05
1188,6,57.0,2023-11-04,Rent,611.22,Paid,2023-11-04
1189,6,57.0,2023-12-04,Rent,611.22,Paid,2023-12-04
1190,6,57.0,2024-01-03,Rent,611.22,Paid,2024-01-03
1191,6,57.0,2024-02-02,Rent,611.22,Paid,2024-02-02
1192,6,57.0,2024-03-03,Rent,611.22,Paid,2024-03-03
1193,6,57.0,2024-04-02,Rent,611.22,Paid,2024-04-02
1194,6,57.0,2024-05-02,Rent,611.22,Paid,2024-05-02
1195,6,57.0,2024-06-01,Rent,611.22,Paid,2024-06-01
1196,6,57.0,2024-07-01,Rent,611.22,Paid,2024-07-01
1197,6,57.0,2024-07-31,Rent,611.22,Pending,2024-07-31
1198,6,57.0,2024-08-30,Rent,611.22,Paid,2024-08-30
1199,6,57.0,2024-09-29,Rent,611.22,Paid,2024-09-29
1200,6,57.0,2024-10-29,Rent,611.22,Paid,2024-10-29
1201,13,58.0,2022-12-14,Rent,625.25,Paid,2022-12-14
1202,13,58.0,2023-01-13,Rent,625.25,Paid,2023-01-13
1203,13,58.0,2023-02-12,Rent,625.25,Paid,2023-02-12
1204,13,58.0,2023-03-14,Rent,625.25,Paid,2023-03-14
1205,13,58.0,2023-04-13,Rent,625.25,Paid,2023-04-13
1206,13,58.0,2023-05-13,Rent,625.25,Paid,2023-05-13
1207,13,58.0,2023-06-12,Rent,625.25,Paid,2023-06-12
1208,13,58.0,2023-07-12,Rent,625.25,Paid,2023-07-12
1209,13,58.0,2023-08-11,Rent,625.25,Paid,2023-08-11
1210,13,58.0,2023-09-10,Rent,625.25,Paid,2023-09-10
1211,13,58.0,2023-10-10,Rent,625.25,Paid,2023-10-10
1212,13,58.0,2023-11-09,Rent,625.25,Paid,2023-11-09
1213,13,58.0,2023-12-09,Rent,625.25,Pending,2023-12-09
1214,13,58.0,2024-01-08,Rent,625.25,Paid,2024-01-08
1215,13,58.0,2024-02-07,Rent,625.25,Paid,2024-02-07
1216,13,58.0,2024-03-08,Rent,625.25,Paid,2024-03-08
1217,13,58.0,2024-04-07,Rent,625.25,Paid,2024-04-07
1218,13,58.0,2024-05-07,Rent,625.25,Paid,2024-05-07
1219,13,58.0,2024-06-06,Rent,625.25,Paid,2024-06-06
1220,13,58.0,2024-07-06,Rent,625.25,Paid,2024-07-06
1221,13,58.0,2024-08-05,Rent,625.25,Paid,2024-08-05
1222,13,58.0,2024-09-04,Rent,625.25,Paid,2024-09-04
1223,13,58.0,2024-10-04,Rent,625.25,Paid,2024-10-04
1224,13,58.0,2024-11-03,Rent,625.25,Paid,2024-11-03
1225,13,58.0,2024-12-03,Rent,625.25,Pending,2024-12-03
1226,5,59.0,2023-03-02,Rent,670.2,Paid,2023-03-02
1227,5,59.0,2023-04-01,Rent,670.2,Paid,2023-04-01
1228,5,59.0,2023-05-01,Rent,670.2,Paid,2023-05-01
1229,5,59.0,2023-05-31,Rent,670.2,Paid,2023-05-31
1230,5,59.0,2023-06-30,Rent,670.2,Paid,2023-06-30
1231,5,59.0,2023-07-30,Rent,670.2,Paid,2023-07-30
1232,5,59.0,2023-08-29,Rent,670.2,Paid,2023-08-29
1233,5,59.0,2023-09-28,Rent,670.2,Paid,2023-09-28
1234,5,59.0,2023-10-28,Rent,670.2,Paid,2023-10-28
1235,5,59.0,2023-11-27,Rent,670.2,Paid,2023-11-27
1236,5,59.0,2023-12-27,Rent,670.2,Paid,2023-12-27
1237,5,59.0,2024-01-26,Rent,670.2,Paid,2024-01-26
1238,5,59.0,2024-02-25,Rent,670.2,Paid,2024-02-25
1239,5,59.0,2024-03-26,Rent,670.2,Paid,2024-03-26
1240,5,59.0,2024-04-25,Rent,670.2,Paid,2024-04-25
1241,5,59.0,2024-05-25,Rent,670.2,Paid,2024-05-25
1242,2,60.0,2023-03-14,Rent,1097.92,Paid,2023-03-14
1243,2,60.0,2023-04-13,Rent,1097.92,Paid,2023-04-13
1244,2,60.0,2023-05-13,Rent,1097.92,Paid,2023-05-13
1245,2,60.0,2023-06-12,Rent,1097.92,Paid,2023-06-12
1246,2,60.0,2023-07-12,Rent,1097.92,Paid,2023-07-12
1247,2,60.0,2023-08-11,Rent,1097.92,Paid,2023-08-11
1248,2,60.0,2023-09-10,Rent,1097.92,Paid,2023-09-10
1249,2,60.0,2023-10-10,Rent,1097.92,Paid,2023-10-10
1250,2,60.0,2023-11-09,Rent,1097.92,Paid,2023-11-09
1251,2,60.0,2023-12-09,Rent,1097.92,Paid,2023-12-09
1252,2,60.0,2024-01-08,Rent,1097.92,Paid,2024-01-08
1253,2,60.0,2024-02-07,Rent,1097.92,Paid,2024-02-07
1254,2,60.0,2024-03-08,Rent,1097.92,Paid,2024-03-08
1255,2,60.0,2024-04-07,Rent,1097.92,Paid,2024-04-07
1256,2,60.0,2024-05-07,Rent,1097.92,Paid,2024-05-07
1257,2,60.0,2024-06-06,Rent,1097.92,Paid,2024-06-06
1258,2,60.0,2024-07-06,Rent,1097.92,Paid,2024-07-06
1259,2,60.0,2024-08-05,Rent,1097.92,Paid,2024-08-05
1260,2,60.0,2024-09-04,Rent,1097.92,Pending,2024-09-04
1261,2,60.0,2024-10-04,Rent,1097.92,Paid,2024-10-04
1262,2,60.0,2024-11-03,Rent,1097.92,Pending,2024-11-03
1263,2,60.0,2024-12-03,Rent,1097.92,Paid,2024-12-03
1264,18,61.0,2022-09-19,Rent,1309.29,Paid,2022-09-19
1265,18,61.0,2022-10-19,Rent,1309.29,Paid,2022-10-19
1266,18,61.0,2022-11-18,Rent,1309.29,Paid,2022-11-18
1267,18,61.0,2022-12-18,Rent,1309.29,Paid,2022-12-18
1268,18,61.0,2023-01-17,Rent,1309.29,Paid,2023-01-17
1269,18,61.0,2023-02-16,Rent,1309.29,Paid,2023-02-16
1270,18,61.0,2023-03-18,Rent,1309.29,Paid,2023-03-18
1271,18,61.0,2023-04-17,Rent,1309.29,Paid,2023-04-17
1272,18,61.0,2023-05-17,Rent,1309.29,Paid,2023-05-17
1273,18,61.0,2023-06-16,Rent,1309.29,Paid,2023-06-16
1274,18,61.0,2023-07-16,Rent,1309.29,Paid,2023-07-16
1275,18,61.0,2023-08-15,Rent,1309.29,Paid,2023-08-15
1276,18,61.0,2023-09-14,Rent,1309.29,Paid,2023-09-14
1277,18,61.0,2023-10-14,Rent,1309.29,Paid,2023-10-14
1278,18,61.0,2023-11-13,Rent,1309.29,Paid,2023-11-13
1279,18,61.0,2023-12-13,Rent,1309.29,Paid,2023-12-13
1280,18,61.0,2024-01-12,Rent,1309.29,Paid,2024-01-12
1281,18,61.0,2024-02-11,Rent,1309.29,Paid,2024-02-11
1282,18,61.0,2024-03-12,Rent,1309.29,Paid,2024-03-12
1283,18,61.0,2024-04-11,Rent,1309.29,Paid,2024-04-11
1284,18,61.0,2024-05-11,Rent,1309.29,Paid,2024-05-11
1285,18,61.0,2024-06-10,Rent,1309.29,Paid,2024-06-10
1286,18,61.0,2024-07-10,Rent,1309.29,Paid,2024-07-10
1287,18,61.0,2024-08-09,Rent,1309.29,Paid,2024-08-09
1288,18,61.0,2024-09-08,Rent,1309.29,Paid,2024-09-08
1289,2,62.0,2023-12-05,Rent,1317.38,Paid,2023-12-05
1290,2,62.0,2024-01-04,Rent,1317.38,Paid,2024-01-04
1291,2,62.0,2024-02-03,Rent,1317.38,Pending,2024-02-03
1292,2,62.0,2024-03-04,Rent,1317.38,Paid,2024-03-04
1293,2,62.0,2024-04-03,Rent,1317.38,Pending,2024-04-03
1294,2,62.0,2024-05-03,Rent,1317.38,Pending,2024-05-03
1295,2,62.0,2024-06-02,Rent,1317.38,Paid,2024-06-02
1296,2,62.0,2024-07-02,Rent,1317.38,Paid,2024-07-02
1297,2,62.0,2024-08-01,Rent,1317.38,Paid,2024-08-01
1298,2,62.0,2024-08-31,Rent,1317.38,Paid,2024-08-31
1299,2,62.0,2024-09-30,Rent,1317.38,Pending,2024-09-30
1300,2,62.0,2024-10-30,Rent,1317.38,Paid,2024-10-30
1301,2,62.0,2024-11-29,Rent,1317.38,Paid,2024-11-29
1302,2,62.0,2024-12-29,Rent,1317.38,Paid,2024-12-29
1303,5,63.0,2022-04-04,Rent,924.06,Paid,2022-04-04
1304,5,63.0,2022-05-04,Rent,924.06,Paid,2022-05-04
1305,5,63.0,2022-06-03,Rent,924.06,Paid,2022-06-03
1306,5,63.0,2022-07-03,Rent,924.06,Paid,2022-07-03
1307,5,63.0,2022-08-02,Rent,924.06,Paid,2022-08-02
1308,5,63.0,2022-09-01,Rent,924.06,Paid,2022-09-01
1309,5,63.0,2022-10-01,Rent,924.06,Paid,2022-10-01
1310,5,63.0,2022-10-31,Rent,924.06,Paid,2022-10-31
1311,5,63.0,2022-11-30,Rent,924.06,Paid,2022-11-30
1312,5,63.0,2022-12-30,Rent,924.06,Paid,2022-12-30
1313,5,63.0,2023-01-29,Rent,924.06,Paid,2023-01-29
1314,5,63.0,2023-02-28,Rent,924.06,Pending,2023-02-28
1315,5,63.0,2023-03-30,Rent,924.06,Paid,2023-03-30
1316,5,63.0,2023-04-29,Rent,924.06,Paid,2023-04-29
1317,5,63.0,2023-05-29,Rent,924.06,Paid,2023-05-29
1318,5,63.0,2023-06-28,Rent,924.06,Paid,2023-06-28
1319,4,64.0,2023-03-19,Rent,911.3,Paid,2023-03-19
1320,4,64.0,2023-04-18,Rent,911.3,Paid,2023-04-18
1321,4,64.0,2023-05-18,Rent,911.3,Paid,2023-05-18
1322,4,64.0,2023-06-17,Rent,911.3,Paid,2023-06-17
1323,4,64.0,2023-07-17,Rent,911.3,Paid,2023-07-17
1324,4,64.0,2023-08-16,Rent,911.3,Paid,2023-08-16
1325,4,64.0,2023-09-15,Rent,911.3,Paid,2023-09-15
1326,4,64.0,2023-10-15,Rent,911.3,Paid,2023-10-15
1327,4,64.0,2023-11-14,Rent,911.3,Paid,2023-11-14
1328,4,64.0,2023-12-14,Rent,911.3,Paid,2023-12-14
1329,4,64.0,2024-01-13,Rent,911.3,Paid,2024-01-13
1330,4,64.0,2024-02-12,Rent,911.3,Paid,2024-02-12
1331,4,64.0,2024-03-13,Rent,911.3,Paid,2024-03-13
1332,4,64.0,2024-04-12,Rent,911.3,Paid,2024-04-12
1333,4,64.0,2024-05-12,Rent,911.3,Paid,2024-05-12
1334,4,64.0,2024-06-11,Rent,911.3,Paid,2024-06-11
1335,16,65.0,2023-01-17,Rent,780.82,Paid,2023-01-17
1336,16,65.0,2023-02-16,Rent,780.82,Pending,2023-02-16
1337,16,65.0,2023-03-18,Rent,780.82,Paid,2023-03-18
1338,16,65.0,2023-04-17,Rent,780.82,Paid,2023-04-17
1339,16,65.0,2023-05-17,Rent,780.82,Paid,2023-05-17
1340,16,65.0,2023-06-16,Rent,780.82,Pending,2023-06-16
1341,16,65.0,2023-07-16,Rent,780.82,Paid,2023-07-16
1342,16,65.0,2023-08-15,Rent,780.82,Paid,2023-08-15
1343,16,65.0,2023-09-14,Rent,780.82,Paid,2023-09-14
1344,16,65.0,2023-10-14,Rent,780.82,Paid,2023-10-14
1345,16,65.0,2023-11-13,Rent,780.82,Paid,2023-11-13
1346,16,65.0,2023-12-13,Rent,780.82,Paid,2023-12-13
1347,16,65.0,2024-01-12,Rent,780.82,Paid,2024-01-12
1348,16,65.0,2024-02-11,Rent,780.82,Paid,2024-02-11
1349,16,65.0,2024-03-12,Rent,780.82,Paid,2024-03-12
1350,16,65.0,2024-04-11,Rent,780.82,Paid,2024-04-11
1351,16,65.0,2024-05-11,Rent,780.82,Paid,2024-05-11
1352,12,66.0,2022-03-03,Rent,1672.24,Paid,2022-03-03
1353,12,66.0,2022-04-02,Rent,1672.24,Pending,2022-04-02
1354,12,66.0,2022-05-02,Rent,1672.24,Paid,2022-05-02
1355,12,66.0,2022-06-01,Rent,1672.24,Paid,2022-06-01
1356,12,66.0,2022-07-01,Rent,1672.24,Paid,2022-07-01
1357,12,66.0,2022-07-31,Rent,1672.24,Paid,2022-07-31
1358,12,66.0,2022-08-30,Rent,1672.24,Paid,2022-08-30
1359,12,66.0,2022-09-29,Rent,1672.24,Paid,2022-09-29
1360,12,66.0,2022-10-29,Rent,1672.24,Paid,2022-10-29
1361,12,66.0,2022-11-28,Rent,1672.24,Paid,2022-11-28
1362,12,66.0,2022-12-28,Rent,1672.24,Paid,2022-12-28
1363,12,66.0,2023-01-27,Rent,1672.24,Paid,2023-01-27
1364,12,66.0,2023-02-26,Rent,1672.24,Paid,2023-02-26
1365,12,66.0,2023-03-28,Rent,1672.24,Paid,2023-03-28
1366,12,66.0,2023-04-27,Rent,1672.24,Paid,2023-04-27
1367,12,66.0,2023-05-27,Rent,1672.24,Paid,2023-05-27
1368,12,66.0,2023-06-26,Rent,1672.24,Paid,2023-06-26
1369,12,66.0,2023-07-26,Rent,1672.24,Paid,2023-07-26
1370,12,66.0,2023-08-25,Rent,1672.24,Paid,2023-08-25
1371,12,66.0,2023-09-24,Rent,1672.24,Paid,2023-09-24
1372,12,66.0,2023-10-24,Rent,1672.24,Paid,2023-10-24
1373,12,66.0,2023-11-23,Rent,1672.24,Paid,2023-11-23
1374,12,66.0,2023-12-23,Rent,1672.24,Paid,2023-12-23
1375,12,66.0,2024-01-22,Rent,1672.24,Paid,2024-01-22
1376,12,66.0,2024-02-21,Rent,1672.24,Paid,2024-02-21
1377,12,66.0,2024-03-22,Rent,1672.24,Paid,2024-03-22
1378,12,66.0,2024-04-21,Rent,1672.24,Paid,2024-04-21
1379,12,66.0,2024-05-21,Rent,1672.24,Paid,2024-05-21
1380,12,66.0,2024-06-20,Rent,1672.24,Paid,2024-06-20
1381,12,66.0,2024-07-20,Rent,1672.24,Paid,2024-07-20
1382,12,66.0,2024-08-19,Rent,1672.24,Paid,2024-08-19
1383,12,66.0,2024-09-18,Rent,1672.24,Paid,2024-09-18
1384,12,66.0,2024-10-18,Rent,1672.24,Paid,2024-10-18
1385,17,67.0,2023-07-30,Rent,1088.79,Paid,2023-07-30
1386,17,67.0,2023-08-29,Rent,1088.79,Paid,2023-08-29
1387,17,67.0,2023-09-28,Rent,1088.79,Paid,2023-09-28
1388,17,67.0,2023-10-28,Rent,1088.79,Paid,2023-10-28
1389,17,67.0,2023-11-27,Rent,1088.79,Paid,2023-11-27
1390,17,67.0,2023-12-27,Rent,1088.79,Paid,2023-12-27
1391,17,67.0,2024-01-26,Rent,1088.79,Paid,2024-01-26
1392,17,67.0,2024-02-25,Rent,1088.79,Paid,2024-02-25
1393,17,67.0,2024-03-26,Rent,1088.79,Paid,2024-03-26
1394,17,67.0,2024-04-25,Rent,1088.79,Paid,2024-04-25
1395,17,67.0,2024-05-25,Rent,1088.79,Paid,2024-05-25
1396,17,67.0,2024-06-24,Rent,1088.79,Paid,2024-06-24
1397,17,67.0,2024-07-24,Rent,1088.79,Paid,2024-07-24
1398,17,67.0,2024-08-23,Rent,1088.79,Paid,2024-08-23
1399,17,67.0,2024-09-22,Rent,1088.79,Paid,2024-09-22
1400,17,67.0,2024-10-22,Rent,1088.79,Pending,2024-10-22
1401,17,67.0,2024-11-21,Rent,1088.79,Paid,2024-11-21
1402,17,67.0,2024-12-21,Rent,1088.79,Paid,2024-12-21
1403,13,68.0,2022-05-06,Rent,1559.92,Paid,2022-05-06
1404,13,68.0,2022-06-05,Rent,1559.92,Paid,2022-06-05
1405,13,68.0,2022-07-05,Rent,1559.92,Paid,2022-07-05
1406,13,68.0,2022-08-04,Rent,1559.92,Paid,2022-08-04
1407,13,68.0,2022-09-03,Rent,1559.92,Paid,2022-09-03
1408,13,68.0,2022-10-03,Rent,1559.92,Paid,2022-10-03
1409,13,68.0,2022-11-02,Rent,1559.92,Paid,2022-11-02
1410,13,68.0,2022-12-02,Rent,1559.92,Paid,2022-12-02
1411,13,68.0,2023-01-01,Rent,1559.92,Paid,2023-01-01
1412,13,68.0,2023-01-31,Rent,1559.92,Paid,2023-01-31
1413,13,68.0,2023-03-02,Rent,1559.92,Paid,2023-03-02
1414,13,68.0,2023-04-01,Rent,1559.92,Paid,2023-04-01
1415,13,68.0,2023-05-01,Rent,1559.92,Paid,2023-05-01
1416,13,68.0,2023-05-31,Rent,1559.92,Paid,2023-05-31
1417,13,68.0,2023-06-30,Rent,1559.92,Paid,2023-06-30
1418,13,68.0,2023-07-30,Rent,1559.92,Paid,2023-07-30
1419,13,68.0,2023-08-29,Rent,1559.92,Paid,2023-08-29
1420,13,68.0,2023-09-28,Rent,1559.92,Paid,2023-09-28
1421,13,68.0,2023-10-28,Rent,1559.92,Paid,2023-10-28
1422,13,68.0,2023-11-27,Rent,1559.92,Paid,2023-11-27
1423,13,68.0,2023-12-27,Rent,1559.92,Paid,2023-12-27
1424,13,68.0,2024-01-26,Rent,1559.92,Paid,2024-01-26
1425,13,68.0,2024-02-25,Rent,1559.92,Paid,2024-02-25
1426,13,68.0,2024-03-26,Rent,1559.92,Paid,2024-03-26
1427,13,68.0,2024-04-25,Rent,1559.92,Paid,2024-04-25
1428,13,68.0,2024-05-25,Rent,1559.92,Paid,2024-05-25
1429,13,68.0,2024-06-24,Rent,1559.92,Paid,2024-06-24
1430,1,69.0,2023-11-13,Rent,1062.05,Paid,2023-11-13
1431,1,69.0,2023-12-13,Rent,1062.05,Paid,2023-12-13
1432,1,69.0,2024-01-12,Rent,1062.05,Paid,2024-01-12
1433,1,69.0,2024-02-11,Rent,1062.05,Paid,2024-02-11
1434,1,69.0,2024-03-12,Rent,1062.05,Paid,2024-03-12
1435,1,69.0,2024-04-11,Rent,1062.05,Paid,2024-04-11
1436,1,69.0,2024-05-11,Rent,1062.05,Paid,2024-05-11
1437,1,69.0,2024-06-10,Rent,1062.05,Paid,2024-06-10
1438,1,69.0,2024-07-10,Rent,1062.05,Paid,2024-07-10
1439,1,69.0,2024-08-09,Rent,1062.05,Paid,2024-08-09
1440,1,69.0,2024-09-08,Rent,1062.05,Paid,2024-09-08
1441,1,69.0,2024-10-08,Rent,1062.05,Paid,2024-10-08
1442,1,69.0,2024-11-07,Rent,1062.05,Paid,2024-11-07
1443,1,69.0,2024-12-07,Rent,1062.05,Paid,2024-12-07
1444,12,70.0,2022-02-22,Rent,1263.85,Paid,2022-02-22
1445,12,70.0,2022-03-24,Rent,1263.85,Paid,2022-03-24
1446,12,70.0,2022-04-23,Rent,1263.85,Paid,2022-04-23
1447,12,70.0,2022-05-23,Rent,1263.85,Paid,2022-05-23
1448,12,70.0,2022-06-22,Rent,1263.85,Paid,2022-06-22
1449,12,70.0,2022-07-22,Rent,1263.85,Paid,2022-07-22
1450,12,70.0,2022-08-21,Rent,1263.85,Paid,2022-08-21
1451,12,70.0,2022-09-20,Rent,1263.85,Paid,2022-09-20
1452,12,70.0,2022-10-20,Rent,1263.85,Paid,2022-10-20
1453,12,70.0,2022-11-19,Rent,1263.85,Paid,2022-11-19
1454,12,70.0,2022-12-19,Rent,1263.85,Paid,2022-12-19
1455,12,70.0,2023-01-18,Rent,1263.85,Paid,2023-01-18
1456,12,70.0,2023-02-17,Rent,1263.85,Paid,2023-02-17
1457,12,70.0,2023-03-19,Rent,1263.85,Paid,2023-03-19
1458,12,70.0,2023-04-18,Rent,1263.85,Pending,2023-04-18
1459,12,70.0,2023-05-18,Rent,1263.85,Paid,2023-05-18
1460,12,70.0,2023-06-17,Rent,1263.85,Paid,2023-06-17
1461,12,70.0,2023-07-17,Rent,1263.85,Paid,2023-07-17
1462,12,70.0,2023-08-16,Rent,1263.85,Paid,2023-08-16
1463,12,70.0,2023-09-15,Rent,1263.85,Paid,2023-09-15
1464,12,70.0,2023-10-15,Rent,1263.85,Paid,2023-10-15
1465,12,70.0,2023-11-14,Rent,1263.85,Paid,2023-11-14
1466,4,71.0,2022-11-16,Rent,1273.71,Paid,2022-11-16
1467,4,71.0,2022-12-16,Rent,1273.71,Pending,2022-12-16
1468,4,71.0,2023-01-15,Rent,1273.71,Paid,2023-01-15
1469,4,71.0,2023-02-14,Rent,1273.71,Pending,2023-02-14
1470,4,71.0,2023-03-16,Rent,1273.71,Paid,2023-03-16
1471,4,71.0,2023-04-15,Rent,1273.71,Paid,2023-04-15
1472,4,71.0,2023-05-15,Rent,1273.71,Paid,2023-05-15
1473,4,71.0,2023-06-14,Rent,1273.71,Paid,2023-06-14
1474,4,71.0,2023-07-14,Rent,1273.71,Paid,2023-07-14
1475,4,71.0,2023-08-13,Rent,1273.71,Paid,2023-08-13
1476,4,71.0,2023-09-12,Rent,1273.71,Paid,2023-09-12
1477,4,71.0,2023-10-12,Rent,1273.71,Paid,2023-10-12
1478,4,71.0,2023-11-11,Rent,1273.71,Paid,2023-11-11
1479,4,71.0,2023-12-11,Rent,1273.71,Paid,2023-12-11
1480,4,71.0,2024-01-10,Rent,1273.71,Paid,2024-01-10
1481,4,71.0,2024-02-09,Rent,1273.71,Paid,2024-02-09
1482,4,71.0,2024-03-10,Rent,1273.71,Paid,2024-03-10
1483,4,71.0,2024-04-09,Rent,1273.71,Paid,2024-04-09
1484,4,71.0,2024-05-09,Rent,1273.71,Paid,2024-05-09
1485,4,71.0,2024-06-08,Rent,1273.71,Paid,2024-06-08
1486,4,71.0,2024-07-08,Rent,1273.71,Paid,2024-07-08
1487,4,71.0,2024-08-07,Rent,1273.71,Paid,2024-08-07
1488,4,71.0,2024-09-06,Rent,1273.71,Paid,2024-09-06
1489,4,71.0,2024-10-06,Rent,1273.71,Paid,2024-10-06
1490,4,71.0,2024-11-05,Rent,1273.71,Paid,2024-11-05
1491,6,72.0,2023-08-15,Rent,501.05,Paid,2023-08-15
1492,6,72.0,2023-09-14,Rent,501.05,Paid,2023-09-14
1493,6,72.0,2023-10-14,Rent,501.05,Paid,2023-10-14
1494,6,72.0,2023-11-13,Rent,501.05,Paid,2023-11-13
1495,6,72.0,2023-12-13,Rent,501.05,Paid,2023-12-13
1496,6,72.0,2024-01-12,Rent,501.05,Paid,2024-01-12
1497,6,72.0,2024-02-11,Rent,501.05,Paid,2024-02-11
1498,6,72.0,2024-03-12,Rent,501.05,Paid,2024-03-12
1499,6,72.0,2024-04-11,Rent,501.05,Paid,2024-04-11
1500,6,72.0,2024-05-11,Rent,501.05,Paid,2024-05-11
1501,6,72.0,2024-06-10,Rent,501.05,Paid,2024-06-10
1502,6,72.0,2024-07-10,Rent,501.05,Paid,2024-07-10
1503,6,72.0,2024-08-09,Rent,501.05,Paid,2024-08-09
1504,6,72.0,2024-09-08,Rent,501.05,Paid,2024-09-08
1505,6,72.0,2024-10-08,Rent,501.05,Paid,2024-10-08
1506,6,72.0,2024-11-07,Rent,501.05,Pending,2024-11-07
1507,6,72.0,2024-12-07,Rent,501.05,Paid,2024-12-07
1508,1,73.0,2022-06-08,Rent,568.82,Paid,2022-06-08
1509,1,73.0,2022-07-08,Rent,568.82,Pending,2022-07-08
1510,1,73.0,2022-08-07,Rent,568.82,Paid,2022-08-07
1511,1,73.0,2022-09-06,Rent,568.82,Paid,2022-09-06
1512,1,73.0,2022-10-06,Rent,568.82,Paid,2022-10-06
1513,1,73.0,2022-11-05,Rent,568.82,Paid,2022-11-05
1514,1,73.0,2022-12-05,Rent,568.82,Paid,2022-12-05
1515,1,73.0,2023-01-04,Rent,568.82,Paid,2023-01-04
1516,1,73.0,2023-02-03,Rent,568.82,Paid,2023-02-03
1517,1,73.0,2023-03-05,Rent,568.82,Paid,2023-03-05
1518,1,73.0,2023-04-04,Rent,568.82,Paid,2023-04-04
1519,1,73.0,2023-05-04,Rent,568.82,Paid,2023-05-04
1520,1,73.0,2023-06-03,Rent,568.82,Paid,2023-06-03
1521,1,73.0,2023-07-03,Rent,568.82,Paid,2023-07-03
1522,1,73.0,2023-08-02,Rent,568.82,Paid,2023-08-02
1523,1,73.0,2023-09-01,Rent,568.82,Paid,2023-09-01
1524,1,73.0,2023-10-01,Rent,568.82,Paid,2023-10-01
1525,1,73.0,2023-10-31,Rent,568.82,Paid,2023-10-31
1526,1,73.0,2023-11-30,Rent,568.82,Paid,2023-11-30
1527,1,73.0,2023-12-30,Rent,568.82,Paid,2023-12-30
1528,1,73.0,2024-01-29,Rent,568.82,Paid,2024-01-29
1529,1,73.0,2024-02-28,Rent,568.82,Paid,2024-02-28
1530,1,73.0,2024-03-29,Rent,568.82,Paid,2024-03-29
1531,1,73.0,2024-04-28,Rent,568.82,Paid,2024-04-28
1532,1,73.0,2024-05-28,Rent,568.82,Paid,2024-05-28
1533,1,73.0,2024-06-27,Rent,568.82,Paid,2024-06-27
1534,1,73.0,2024-07-27,Rent,568.82,Paid,2024-07-27
1535,1,73.0,2024-08-26,Rent,568.82,Paid,2024-08-26
1536,1,73.0,2024-09-25,Rent,568.82,Paid,2024-09-25
1537,1,73.0,2024-10-25,Rent,568.82,Paid,2024-10-25
1538,1,73.0,2024-11-24,Rent,568.82,Paid,2024-11-24
1539,1,73.0,2024-12-24,Rent,568.82,Paid,2024-12-24
1540,13,74.0,2022-08-18,Rent,1529.29,Paid,2022-08-18
1541,13,74.0,2022-09-17,Rent,1529.29,Paid,2022-09-17
1542,13,74.0,2022-10-17,Rent,1529.29,Paid,2022-10-17
1543,13,74.0,2022-11-16,Rent,1529.29,Paid,2022-11-16
1544,13,74.0,2022-12-16,Rent,1529.29,Paid,2022-12-16
1545,13,74.0,2023-01-15,Rent,1529.29,Paid,2023-01-15
1546,13,74.0,2023-02-14,Rent,1529.29,Paid,2023-02-14
1547,13,74.0,2023-03-16,Rent,1529.29,Paid,2023-03-16
1548,13,74.0,2023-04-15,Rent,1529.29,Pending,2023-04-15
1549,13,74.0,2023-05-15,Rent,1529.29,Paid,2023-05-15
1550,13,74.0,2023-06-14,Rent,1529.29,Paid,2023-06-14
1551,13,74.0,2023-07-14,Rent,1529.29,Paid,2023-07-14
1552,13,74.0,2023-08-13,Rent,1529.29,Paid,2023-08-13
1553,13,74.0,2023-09-12,Rent,1529.29,Paid,2023-09-12
1554,13,74.0,2023-10-12,Rent,1529.29,Paid,2023-10-12
1555,13,74.0,2023-11-11,Rent,1529.29,Paid,2023-11-11
1556,5,75.0,2023-07-24,Rent,1701.04,Paid,2023-07-24
1557,5,75.0,2023-08-23,Rent,1701.04,Paid,2023-08-23
1558,5,75.0,2023-09-22,Rent,1701.04,Paid,2023-09-22
1559,5,75.0,2023-10-22,Rent,1701.04,Paid,2023-10-22
1560,5,75.0,2023-11-21,Rent,1701.04,Paid,2023-11-21
1561,5,75.0,2023-12-21,Rent,1701.04,Paid,2023-12-21
1562,5,75.0,2024-01-20,Rent,1701.04,Paid,2024-01-20
1563,5,75.0,2024-02-19,Rent,1701.04,Paid,2024-02-19
1564,5,75.0,2024-03-20,Rent,1701.04,Paid,2024-03-20
1565,5,75.0,2024-04-19,Rent,1701.04,Paid,2024-04-19
1566,5,75.0,2024-05-19,Rent,1701.04,Paid,2024-05-19
1567,5,75.0,2024-06-18,Rent,1701.04,Paid,2024-06-18
1568,5,75.0,2024-07-18,Rent,1701.04,Paid,2024-07-18
1569,5,75.0,2024-08-17,Rent,1701.04,Paid,2024-08-17
1570,5,75.0,2024-09-16,Rent,1701.04,Paid,2024-09-16
1571,5,75.0,2024-10-16,Rent,1701.04,Pending,2024-10-16
1572,5,75.0,2024-11-15,Rent,1701.04,Paid,2024-11-15
1573,5,75.0,2024-12-15,Rent,1701.04,Paid,2024-12-15
1574,9,76.0,2022-10-13,Rent,831.63,Paid,2022-10-13
1575,9,76.0,2022-11-12,Rent,831.63,Paid,2022-11-12
1576,9,76.0,2022-12-12,Rent,831.63,Paid,2022-12-12
1577,9,76.0,2023-01-11,Rent,831.63,Pending,2023-01-11
1578,9,76.0,2023-02-10,Rent,831.63,Paid,2023-02-10
1579,9,76.0,2023-03-12,Rent,831.63,Paid,2023-03-12
1580,9,76.0,2023-04-11,Rent,831.63,Paid,2023-04-11
1581,9,76.0,2023-05-11,Rent,831.63,Paid,2023-05-11
1582,9,76.0,2023-06-10,Rent,831.63,Paid,2023-06-10
1583,9,76.0,2023-07-10,Rent,831.63,Paid,2023-07-10
1584,9,76.0,2023-08-09,Rent,831.63,Paid,2023-08-09
1585,9,76.0,2023-09-08,Rent,831.63,Paid,2023-09-08
1586,9,76.0,2023-10-08,Rent,831.63,Paid,2023-10-08
1587,9,76.0,2023-11-07,Rent,831.63,Paid,2023-11-07
1588,9,76.0,2023-12-07,Rent,831.63,Paid,2023-12-07
1589,9,76.0,2024-01-06,Rent,831.63,Paid,2024-01-06
1590,9,76.0,2024-02-05,Rent,831.63,Paid,2024-02-05
1591,9,76.0,2024-03-06,Rent,831.63,Paid,2024-03-06
1592,9,76.0,2024-04-05,Rent,831.63,Pending,2024-04-05
1593,9,76.0,2024-05-05,Rent,831.63,Pending,2024-05-05
1594,9,76.0,2024-06-04,Rent,831.63,Paid,2024-06-04
1595,9,76.0,2024-07-04,Rent,831.63,Paid,2024-07-04
1596,9,76.0,2024-08-03,Rent,831.63,Paid,2024-08-03
1597,9,76.0,2024-09-02,Rent,831.63,Paid,2024-09-02
1598,9,76.0,2024-10-02,Rent,831.63,Paid,2024-10-02
1599,9,76.0,2024-11-01,Rent,831.63,Paid,2024-11-01
1600,9,76.0,2024-12-01,Rent,831.63,Paid,2024-12-01
1601,9,76.0,2024-12-31,Rent,831.63,Paid,2024-12-31
1602,6,77.0,2023-03-16,Rent,1078.04,Paid,2023-03-16
1603,6,77.0,2023-04-15,Rent,1078.04,Paid,2023-04-15
1604,6,77.0,2023-05-15,Rent,1078.04,Paid,2023-05-15
1605,6,77.0,2023-06-14,Rent,1078.04,Paid,2023-06-14
1606,6,77.0,2023-07-14,Rent,1078.04,Paid,2023-07-14
1607,6,77.0,2023-08-13,Rent,1078.04,Paid,2023-08-13
1608,6,77.0,2023-09-12,Rent,1078.04,Paid,2023-09-12
1609,6,77.0,2023-10-12,Rent,1078.04,Paid,2023-10-12
1610,6,77.0,2023-11-11,Rent,1078.04,Paid,2023-11-11
1611,6,77.0,2023-12-11,Rent,1078.04,Paid,2023-12-11
1612,6,77.0,2024-01-10,Rent,1078.04,Paid,2024-01-10
1613,6,77.0,2024-02-09,Rent,1078.04,Paid,2024-02-09
1614,6,77.0,2024-03-10,Rent,1078.04,Paid,2024-03-10
1615,6,77.0,2024-04-09,Rent,1078.04,Paid,2024-04-09
1616,6,77.0,2024-05-09,Rent,1078.04,Paid,2024-05-09
1617,6,77.0,2024-06-08,Rent,1078.04,Paid,2024-06-08
1618,6,77.0,2024-07-08,Rent,1078.04,Paid,2024-07-08
1619,6,77.0,2024-08-07,Rent,1078.04,Paid,2024-08-07
1620,6,77.0,2024-09-06,Rent,1078.04,Paid,2024-09-06
1621,6,77.0,2024-10-06,Rent,1078.04,Paid,2024-10-06
1622,6,77.0,2024-11-05,Rent,1078.04,Paid,2024-11-05
1623,6,77.0,2024-12-05,Rent,1078.04,Paid,2024-12-05
1624,16,78.0,2023-09-29,Rent,1171.96,Pending,2023-09-29
1625,16,78.0,2023-10-29,Rent,1171.96,Paid,2023-10-29
1626,16,78.0,2023-11-28,Rent,1171.96,Paid,2023-11-28
1627,16,78.0,2023-12-28,Rent,1171.96,Paid,2023-12-28
1628,16,78.0,2024-01-27,Rent,1171.96,Paid,2024-01-27
1629,16,78.0,2024-02-26,Rent,1171.96,Paid,2024-02-26
1630,16,78.0,2024-03-27,Rent,1171.96,Paid,2024-03-27
1631,16,78.0,2024-04-26,Rent,1171.96,Paid,2024-04-26
1632,16,78.0,2024-05-26,Rent,1171.96,Paid,2024-05-26
1633,16,78.0,2024-06-25,Rent,1171.96,Paid,2024-06-25
1634,16,78.0,2024-07-25,Rent,1171.96,Paid,2024-07-25
1635,16,78.0,2024-08-24,Rent,1171.96,Paid,2024-08-24
1636,16,78.0,2024-09-23,Rent,1171.96,Paid,2024-09-23
1637,16,78.0,2024-10-23,Rent,1171.96,Paid,2024-10-23
1638,16,78.0,2024-11-22,Rent,1171.96,Paid,2024-11-22
1639,16,78.0,2024-12-22,Rent,1171.96,Paid,2024-12-22
1640,16,79.0,2023-10-21,Rent,865.62,Paid,2023-10-21
1641,16,79.0,2023-11-20,Rent,865.62,Paid,2023-11-20
1642,16,79.0,2023-12-20,Rent,865.62,Paid,2023-12-20
1643,16,79.0,2024-01-19,Rent,865.62,Paid,2024-01-19
1644,16,79.0,2024-02-18,Rent,865.62,Pending,2024-02-18
1645,16,79.0,2024-03-19,Rent,865.62,Paid,2024-03-19
1646,16,79.0,2024-04-18,Rent,865.62,Paid,2024-04-18
1647,16,79.0,2024-05-18,Rent,865.62,Paid,2024-05-18
1648,16,79.0,2024-06-17,Rent,865.62,Paid,2024-06-17
1649,16,79.0,2024-07-17,Rent,865.62,Paid,2024-07-17
1650,16,79.0,2024-08-16,Rent,865.62,Paid,2024-08-16
1651,16,79.0,2024-09-15,Rent,865.62,Paid,2024-09-15
1652,16,79.0,2024-10-15,Rent,865.62,Paid,2024-10-15
1653,16,79.0,2024-11-14,Rent,865.62,Paid,2024-11-14
1654,16,79.0,2024-12-14,Rent,865.62,Paid,2024-12-14
1655,15,80.0,2023-09-16,Rent,1447.55,Paid,2023-09-16
1656,15,80.0,2023-10-16,Rent,1447.55,Paid,2023-10-16
1657,15,80.0,2023-11-15,Rent,1447.55,Paid,2023-11-15
1658,15,80.0,2023-12-15,Rent,1447.55,Paid,2023-12-15
1659,15,80.0,2024-01-14,Rent,1447.55,Paid,2024-01-14
1660,15,80.0,2024-02-13,Rent,1447.55,Paid,2024-02-13
1661,15,80.0,2024-03-14,Rent,1447.55,Paid,2024-03-14
1662,15,80.0,2024-04-13,Rent,1447.55,Paid,2024-04-13
1663,15,80.0,2024-05-13,Rent,1447.55,Paid,2024-05-13
1664,15,80.0,2024-06-12,Rent,1447.55,Paid,2024-06-12
1665,15,80.0,2024-07-12,Rent,1447.55,Paid,2024-07-12
1666,15,80.0,2024-08-11,Rent,1447.55,Paid,2024-08-11
1667,15,80.0,2024-09-10,Rent,1447.55,Paid,2024-09-10
1668,15,80.0,2024-10-10,Rent,1447.55,Pending,2024-10-10
1669,15,80.0,2024-11-09,Rent,1447.55,Paid,2024-11-09
1670,15,80.0,2024-12-09,Rent,1447.55,Paid,2024-12-09
1671,2,81.0,2022-10-01,Rent,1567.1,Paid,2022-10-01
1672,2,81.0,2022-10-31,Rent,1567.1,Paid,2022-10-31
1673,2,81.0,2022-11-30,Rent,1567.1,Paid,2022-11-30
1674,2,81.0,2022-12-30,Rent,1567.1,Paid,2022-12-30
1675,2,81.0,2023-01-29,Rent,1567.1,Paid,2023-01-29
1676,2,81.0,2023-02-28,Rent,1567.1,Paid,2023-02-28
1677,2,81.0,2023-03-30,Rent,1567.1,Paid,2023-03-30
1678,2,81.0,2023-04-29,Rent,1567.1,Paid,2023-04-29
1679,2,81.0,2023-05-29,Rent,1567.1,Paid,2023-05-29
1680,2,81.0,2023-06-28,Rent,1567.1,Pending,2023-06-28
1681,2,81.0,2023-07-28,Rent,1567.1,Paid,2023-07-28
1682,2,81.0,2023-08-27,Rent,1567.1,Paid,2023-08-27
1683,2,81.0,2023-09-26,Rent,1567.1,Paid,2023-09-26
1684,2,81.0,2023-10-26,Rent,1567.1,Paid,2023-10-26
1685,7,82.0,2022-10-07,Rent,1357.59,Paid,2022-10-07
1686,7,82.0,2022-11-06,Rent,1357.59,Paid,2022-11-06
1687,7,82.0,2022-12-06,Rent,1357.59,Paid,2022-12-06
1688,7,82.0,2023-01-05,Rent,1357.59,Paid,2023-01-05
1689,7,82.0,2023-02-04,Rent,1357.59,Paid,2023-02-04
1690,7,82.0,2023-03-06,Rent,1357.59,Paid,2023-03-06
1691,7,82.0,2023-04-05,Rent,1357.59,Paid,2023-04-05
1692,7,82.0,2023-05-05,Rent,1357.59,Paid,2023-05-05
1693,7,82.0,2023-06-04,Rent,1357.59,Paid,2023-06-04
1694,7,82.0,2023-07-04,Rent,1357.59,Paid,2023-07-04
1695,7,82.0,2023-08-03,Rent,1357.59,Paid,2023-08-03
1696,7,82.0,2023-09-02,Rent,1357.59,Pending,2023-09-02
1697,7,82.0,2023-10-02,Rent,1357.59,Paid,2023-10-02
1698,7,82.0,2023-11-01,Rent,1357.59,Paid,2023-11-01
1699,7,82.0,2023-12-01,Rent,1357.59,Paid,2023-12-01
1700,7,82.0,2023-12-31,Rent,1357.59,Paid,2023-12-31
1701,7,82.0,2024-01-30,Rent,1357.59,Paid,2024-01-30
1702,7,82.0,2024-02-29,Rent,1357.59,Paid,2024-02-29
1703,7,82.0,2024-03-30,Rent,1357.59,Paid,2024-03-30
1704,7,82.0,2024-04-29,Rent,1357.59,Paid,2024-04-29
1705,7,82.0,2024-05-29,Rent,1357.59,Paid,2024-05-29
1706,7,82.0,2024-06-28,Rent,1357.59,Paid,2024-06-28
1707,7,82.0,2024-07-28,Rent,1357.59,Paid,2024-07-28
1708,7,82.0,2024-08-27,Rent,1357.59,Paid,2024-08-27
1709,7,82.0,2024-09-26,Rent,1357.59,Paid,2024-09-26
1710,7,82.0,2024-10-26,Rent,1357.59,Paid,2024-10-26
1711,7,82.0,2024-11-25,Rent,1357.59,Paid,2024-11-25
1712,7,82.0,2024-12-25,Rent,1357.59,Paid,2024-12-25
1713,6,83.0,2022-11-13,Rent,785.93,Paid,2022-11-13
1714,6,83.0,2022-12-13,Rent,785.93,Paid,2022-12-13
1715,6,83.0,2023-01-12,Rent,785.93,Paid,2023-01-12
1716,6,83.0,2023-02-11,Rent,785.93,Paid,2023-02-11
1717,6,83.0,2023-03-13,Rent,785.93,Paid,2023-03-13
1718,6,83.0,2023-04-12,Rent,785.93,Paid,2023-04-12
1719,6,83.0,2023-05-12,Rent,785.93,Paid,2023-05-12
1720,6,83.0,2023-06-11,Rent,785.93,Paid,2023-06-11
1721,6,83.0,2023-07-11,Rent,785.93,Paid,2023-07-11
1722,6,83.0,2023-08-10,Rent,785.93,Paid,2023-08-10
1723,6,83.0,2023-09-09,Rent,785.93,Paid,2023-09-09
1724,6,83.0,2023-10-09,Rent,785.93,Pending,2023-10-09
1725,6,83.0,2023-11-08,Rent,785.93,Paid,2023-11-08
1726,6,83.0,2023-12-08,Rent,785.93,Paid,2023-12-08
1727,6,83.0,2024-01-07,Rent,785.93,Paid,2024-01-07
1728,6,83.0,2024-02-06,Rent,785.93,Paid,2024-02-06
1729,6,83.0,2024-03-07,Rent,785.93,Paid,2024-03-07
1730,6,83.0,2024-04-06,Rent,785.93,Paid,2024-04-06
1731,6,83.0,2024-05-06,Rent,785.93,Paid,2024-05-06
1732,6,83.0,2024-06-05,Rent,785.93,Paid,2024-06-05
1733,6,83.0,2024-07-05,Rent,785.93,Paid,2024-07-05
1734,6,83.0,2024-08-04,Rent,785.93,Paid,2024-08-04
1735,6,83.0,2024-09-03,Rent,785.93,Paid,2024-09-03
1736,6,83.0,2024-10-03,Rent,785.93,Paid,2024-10-03
1737,17,84.0,2022-01-07,Rent,528.35,Paid,2022-01-07
1738,17,84.0,2022-02-06,Rent,528.35,Paid,2022-02-06
1739,17,84.0,2022-03-08,Rent,528.35,Paid,2022-03-08
1740,17,84.0,2022-04-07,Rent,528.35,Paid,2022-04-07
1741,17,84.0,2022-05-07,Rent,528.35,Paid,2022-05-07
1742,17,84.0,2022-06-06,Rent,528.35,Paid,2022-06-06
1743,17,84.0,2022-07-06,Rent,528.35,Paid,2022-07-06
1744,17,84.0,2022-08-05,Rent,528.35,Paid,2022-08-05
1745,17,84.0,2022-09-04,Rent,528.35,Paid,2022-09-04
1746,17,84.0,2022-10-04,Rent,528.35,Paid,2022-10-04
1747,17,84.0,2022-11-03,Rent,528.35,Paid,2022-11-03
1748,17,84.0,2022-12-03,Rent,528.35,Paid,2022-12-03
1749,17,84.0,2023-01-02,Rent,528.35,Paid,2023-01-02
1750,17,84.0,2023-02-01,Rent,528.35,Paid,2023-02-01
1751,17,84.0,2023-03-03,Rent,528.35,Paid,2023-03-03
1752,17,84.0,2023-04-02,Rent,528.35,Paid,2023-04-02
1753,17,84.0,2023-05-02,Rent,528.35,Paid,2023-05-02
1754,17,84.0,2023-06-01,Rent,528.35,Paid,2023-06-01
1755,17,84.0,2023-07-01,Rent,528.35,Paid,2023-07-01
1756,10,85.0,2023-08-03,Rent,815.14,Paid,2023-08-03
1757,10,85.0,2023-09-02,Rent,815.14,Paid,2023-09-02
1758,10,85.0,2023-10-02,Rent,815.14,Paid,2023-10-02
1759,10,85.0,2023-11-01,Rent,815.14,Paid,2023-11-01
1760,10,85.0,2023-12-01,Rent,815.14,Paid,2023-12-01
1761,10,85.0,2023-12-31,Rent,815.14,Pending,2023-12-31
1762,10,85.0,2024-01-30,Rent,815.14,Paid,2024-01-30
1763,10,85.0,2024-02-29,Rent,815.14,Paid,2024-02-29
1764,10,85.0,2024-03-30,Rent,815.14,Paid,2024-03-30
1765,10,85.0,2024-04-29,Rent,815.14,Paid,2024-04-29
1766,10,85.0,2024-05-29,Rent,815.14,Paid,2024-05-29
1767,10,85.0,2024-06-28,Rent,815.14,Paid,2024-06-28
1768,10,85.0,2024-07-28,Rent,815.14,Paid,2024-07-28
1769,10,85.0,2024-08-27,Rent,815.14,Paid,2024-08-27
1770,10,85.0,2024-09-26,Rent,815.14,Paid,2024-09-26
1771,10,85.0,2024-10-26,Rent,815.14,Paid,2024-10-26
1772,10,85.0,2024-11-25,Rent,815.14,Paid,2024-11-25
1773,10,85.0,2024-12-25,Rent,815.14,Paid,2024-12-25
1774,12,86.0,2022-03-13,Rent,1453.31,Paid,2022-03-13
1775,12,86.0,2022-04-12,Rent,1453.31,Paid,2022-04-12
1776,12,86.0,2022-05-12,Rent,1453.31,Paid,2022-05-12
1777,12,86.0,2022-06-11,Rent,1453.31,Paid,2022-06-11
1778,12,86.0,2022-07-11,Rent,1453.31,Paid,2022-07-11
1779,12,86.0,2022-08-10,Rent,1453.31,Paid,2022-08-10
1780,12,86.0,2022-09-09,Rent,1453.31,Paid,2022-09-09
1781,12,86.0,2022-10-09,Rent,1453.31,Pending,2022-10-09
1782,12,86.0,2022-11-08,Rent,1453.31,Pending,2022-11-08
1783,12,86.0,2022-12-08,Rent,1453.31,Paid,2022-12-08
1784,12,86.0,2023-01-07,Rent,1453.31,Paid,2023-01-07
1785,12,86.0,2023-02-06,Rent,1453.31,Paid,2023-02-06
1786,12,86.0,2023-03-08,Rent,1453.31,Paid,2023-03-08
1787,12,86.0,2023-04-07,Rent,1453.31,Paid,2023-04-07
1788,12,86.0,2023-05-07,Rent,1453.31,Paid,2023-05-07
1789,12,86.0,2023-06-06,Rent,1453.31,Paid,2023-06-06
1790,12,86.0,2023-07-06,Rent,1453.31,Paid,2023-07-06
1791,12,86.0,2023-08-05,Rent,1453.31,Paid,2023-08-05
1792,18,87.0,2023-10-11,Rent,918.64,Paid,2023-10-11
1793,18,87.0,2023-11-10,Rent,918.64,Paid,2023-11-10
1794,18,87.0,2023-12-10,Rent,918.64,Paid,2023-12-10
1795,18,87.0,2024-01-09,Rent,918.64,Paid,2024-01-09
1796,18,87.0,2024-02-08,Rent,918.64,Paid,2024-02-08
1797,18,87.0,2024-03-09,Rent,918.64,Paid,2024-03-09
1798,18,87.0,2024-04-08,Rent,918.64,Paid,2024-04-08
1799,18,87.0,2024-05-08,Rent,918.64,Paid,2024-05-08
1800,18,87.0,2024-06-07,Rent,918.64,Paid,2024-06-07
1801,18,87.0,2024-07-07,Rent,918.64,Paid,2024-07-07
1802,18,87.0,2024-08-06,Rent,918.64,Paid,2024-08-06
1803,18,87.0,2024-09-05,Rent,918.64,Paid,2024-09-05
1804,18,87.0,2024-10-05,Rent,918.64,Paid,2024-10-05
1805,18,87.0,2024-11-04,Rent,918.64,Paid,2024-11-04
1806,7,88.0,2023-06-28,Rent,850.62,Paid,2023-06-28
1807,7,88.0,2023-07-28,Rent,850.62,Paid,2023-07-28
1808,7,88.0,2023-08-27,Rent,850.62,Paid,2023-08-27
1809,7,88.0,2023-09-26,Rent,850.62,Paid,2023-09-26
1810,7,88.0,2023-10-26,Rent,850.62,Paid,2023-10-26
1811,7,88.0,2023-11-25,Rent,850.62,Paid,2023-11-25
1812,7,88.0,2023-12-25,Rent,850.62,Pending,2023-12-25
1813,7,88.0,2024-01-24,Rent,850.62,Paid,2024-01-24
1814,7,88.0,2024-02-23,Rent,850.62,Paid,2024-02-23
1815,7,88.0,2024-03-24,Rent,850.62,Paid,2024-03-24
1816,7,88.0,2024-04-23,Rent,850.62,Paid,2024-04-23
1817,7,88.0,2024-05-23,Rent,850.62,Paid,2024-05-23
1818,7,88.0,2024-06-22,Rent,850.62,Paid,2024-06-22
1819,7,88.0,2024-07-22,Rent,850.62,Paid,2024-07-22
1820,7,88.0,2024-08-21,Rent,850.62,Paid,2024-08-21
1821,7,88.0,2024-09-20,Rent,850.62,Paid,2024-09-20
1822,7,88.0,2024-10-20,Rent,850.62,Paid,2024-10-20
1823,7,88.0,2024-11-19,Rent,850.62,Paid,2024-11-19
1824,7,88.0,2024-12-19,Rent,850.62,Paid,2024-12-19
1825,18,89.0,2023-03-06,Rent,642.57,Paid,2023-03-06
1826,18,89.0,2023-04-05,Rent,642.57,Paid,2023-04-05
1827,18,89.0,2023-05-05,Rent,642.57,Paid,2023-05-05
1828,18,89.0,2023-06-04,Rent,642.57,Paid,2023-06-04
1829,18,89.0,2023-07-04,Rent,642.57,Paid,2023-07-04
1830,18,89.0,2023-08-03,Rent,642.57,Paid,2023-08-03
1831,18,89.0,2023-09-02,Rent,642.57,Paid,2023-09-02
1832,18,89.0,2023-10-02,Rent,642.57,Paid,2023-10-02
1833,18,89.0,2023-11-01,Rent,642.57,Paid,2023-11-01
1834,18,89.0,2023-12-01,Rent,642.57,Paid,2023-12-01
1835,18,89.0,2023-12-31,Rent,642.57,Paid,2023-12-31
1836,18,89.0,2024-01-30,Rent,642.57,Paid,2024-01-30
1837,18,89.0,2024-02-29,Rent,642.57,Pending,2024-02-29
1838,18,89.0,2024-03-30,Rent,642.57,Paid,2024-03-30
1839,18,89.0,2024-04-29,Rent,642.57,Paid,2024-04-29
1840,18,89.0,2024-05-29,Rent,642.57,Paid,2024-05-29
1841,18,89.0,2024-06-28,Rent,642.57,Paid,2024-06-28
1842,18,89.0,2024-07-28,Rent,642.57,Paid,2024-07-28
1843,18,89.0,2024-08-27,Rent,642.57,Paid,2024-08-27
1844,18,89.0,2024-09-26,Rent,642.57,Paid,2024-09-26
1845,18,89.0,2024-10-26,Rent,642.57,Paid,2024-10-26
1846,18,89.0,2024-11-25,Rent,642.57,Paid,2024-11-25
1847,18,89.0,2024-12-25,Rent,642.57,Paid,2024-12-25
1848,20,90.0,2022-06-11,Rent,1400.35,Paid,2022-06-11
1849,20,90.0,2022-07-11,Rent,1400.35,Paid,2022-07-11
1850,20,90.0,2022-08-10,Rent,1400.35,Paid,2022-08-10
1851,20,90.0,2022-09-09,Rent,1400.35,Paid,2022-09-09
1852,20,90.0,2022-10-09,Rent,1400.35,Paid,2022-10-09
1853,20,90.0,2022-11-08,Rent,1400.35,Paid,2022-11-08
1854,20,90.0,2022-12-08,Rent,1400.35,Paid,2022-12-08
1855,20,90.0,2023-01-07,Rent,1400.35,Paid,2023-01-07
1856,20,90.0,2023-02-06,Rent,1400.35,Paid,2023-02-06
1857,20,90.0,2023-03-08,Rent,1400.35,Paid,2023-03-08
1858,20,90.0,2023-04-07,Rent,1400.35,Paid,2023-04-07
1859,20,90.0,2023-05-07,Rent,1400.35,Paid,2023-05-07
1860,20,90.0,2023-06-06,Rent,1400.35,Paid,2023-06-06
1861,20,90.0,2023-07-06,Rent,1400.35,Paid,2023-07-06
1862,20,90.0,2023-08-05,Rent,1400.35,Paid,2023-08-05
1863,20,90.0,2023-09-04,Rent,1400.35,Paid,2023-09-04
1864,20,90.0,2023-10-04,Rent,1400.35,Paid,2023-10-04
1865,20,90.0,2023-11-03,Rent,1400.35,Paid,2023-11-03
1866,20,90.0,2023-12-03,Rent,1400.35,Paid,2023-12-03
1867,20,90.0,2024-01-02,Rent,1400.35,Paid,2024-01-02
1868,20,90.0,2024-02-01,Rent,1400.35,Paid,2024-02-01
1869,20,90.0,2024-03-02,Rent,1400.35,Paid,2024-03-02
1870,20,90.0,2024-04-01,Rent,1400.35,Paid,2024-04-01
1871,20,90.0,2024-05-01,Rent,1400.35,Paid,2024-05-01
1872,20,90.0,2024-05-31,Rent,1400.35,Paid,2024-05-31
1873,15,91.0,2022-11-29,Rent,592.19,Paid,2022-11-29
1874,15,91.0,2022-12-29,Rent,592.19,Paid,2022-12-29
1875,15,91.0,2023-01-28,Rent,592.19,Paid,2023-01-28
1876,15,91.0,2023-02-27,Rent,592.19,Paid,2023-02-27
1877,15,91.0,2023-03-29,Rent,592.19,Paid,2023-03-29
1878,15,91.0,2023-04-28,Rent,592.19,Paid,2023-04-28
1879,15,91.0,2023-05-28,Rent,592.19,Paid,2023-05-28
1880,15,91.0,2023-06-27,Rent,592.19,Paid,2023-06-27
1881,15,91.0,2023-07-27,Rent,592.19,Paid,2023-07-27
1882,15,91.0,2023-08-26,Rent,592.19,Paid,2023-08-26
1883,15,91.0,2023-09-25,Rent,592.19,Paid,2023-09-25
1884,15,91.0,2023-10-25,Rent,592.19,Paid,2023-10-25
1885,15,91.0,2023-11-24,Rent,592.19,Paid,2023-11-24
1886,15,91.0,2023-12-24,Rent,592.19,Paid,2023-12-24
1887,15,91.0,2024-01-23,Rent,592.19,Paid,2024-01-23
1888,15,91.0,2024-02-22,Rent,592.19,Paid,2024-02-22
1889,15,91.0,2024-03-23,Rent,592.19,Paid,2024-03-23
1890,15,91.0,2024-04-22,Rent,592.19,Paid,2024-04-22
1891,15,91.0,2024-05-22,Rent,592.19,Paid,2024-05-22
1892,15,91.0,2024-06-21,Rent,592.19,Paid,2024-06-21
1893,15,91.0,2024-07-21,Rent,592.19,Paid,2024-07-21
1894,15,91.0,2024-08-20,Rent,592.19,Paid,2024-08-20
1895,15,91.0,2024-09-19,Rent,592.19,Paid,2024-09-19
1896,15,91.0,2024-10-19,Rent,592.19,Paid,2024-10-19
1897,15,91.0,2024-11-18,Rent,592.19,Paid,2024-11-18
1898,15,91.0,2024-12-18,Rent,592.19,Paid,2024-12-18
1899,5,92.0,2022-03-28,Rent,996.76,Paid,2022-03-28
1900,5,92.0,2022-04-27,Rent,996.76,Paid,2022-04-27
1901,5,92.0,2022-05-27,Rent,996.76,Paid,2022-05-27
1902,5,92.0,2022-06-26,Rent,996.76,Paid,2022-06-26
1903,5,92.0,2022-07-26,Rent,996.76,Paid,2022-07-26
1904,5,92.0,2022-08-25,Rent,996.76,Paid,2022-08-25
1905,5,92.0,2022-09-24,Rent,996.76,Paid,2022-09-24
1906,5,92.0,2022-10-24,Rent,996.76,Paid,2022-10-24
1907,5,92.0,2022-11-23,Rent,996.76,Paid,2022-11-23
1908,5,92.0,2022-12-23,Rent,996.76,Paid,2022-12-23
1909,5,92.0,2023-01-22,Rent,996.76,Paid,2023-01-22
1910,5,92.0,2023-02-21,Rent,996.76,Paid,2023-02-21
1911,5,92.0,2023-03-23,Rent,996.76,Paid,2023-03-23
1912,5,92.0,2023-04-22,Rent,996.76,Pending,2023-04-22
1913,7,93.0,2022-06-11,Rent,1660.25,Paid,2022-06-11
1914,7,93.0,2022-07-11,Rent,1660.25,Paid,2022-07-11
1915,7,93.0,2022-08-10,Rent,1660.25,Paid,2022-08-10
1916,7,93.0,2022-09-09,Rent,1660.25,Paid,2022-09-09
1917,7,93.0,2022-10-09,Rent,1660.25,Paid,2022-10-09
1918,7,93.0,2022-11-08,Rent,1660.25,Paid,2022-11-08
1919,7,93.0,2022-12-08,Rent,1660.25,Pending,2022-12-08
1920,7,93.0,2023-01-07,Rent,1660.25,Pending,2023-01-07
1921,7,93.0,2023-02-06,Rent,1660.25,Paid,2023-02-06
1922,7,93.0,2023-03-08,Rent,1660.25,Paid,2023-03-08
1923,7,93.0,2023-04-07,Rent,1660.25,Paid,2023-04-07
1924,7,93.0,2023-05-07,Rent,1660.25,Paid,2023-05-07
1925,7,93.0,2023-06-06,Rent,1660.25,Paid,2023-06-06
1926,7,93.0,2023-07-06,Rent,1660.25,Paid,2023-07-06
1927,7,93.0,2023-08-05,Rent,1660.25,Paid,2023-08-05
1928,7,93.0,2023-09-04,Rent,1660.25,Paid,2023-09-04
1929,7,93.0,2023-10-04,Rent,1660.25,Pending,2023-10-04
1930,7,93.0,2023-11-03,Rent,1660.25,Paid,2023-11-03
1931,7,93.0,2023-12-03,Rent,1660.25,Paid,2023-12-03
1932,7,93.0,2024-01-02,Rent,1660.25,Paid,2024-01-02
1933,7,93.0,2024-02-01,Rent,1660.25,Paid,2024-02-01
1934,7,93.0,2024-03-02,Rent,1660.25,Paid,2024-03-02
1935,7,93.0,2024-04-01,Rent,1660.25,Paid,2024-04-01
1936,7,93.0,2024-05-01,Rent,1660.25,Paid,2024-05-01
1937,7,93.0,2024-05-31,Rent,1660.25,Paid,2024-05-31
1938,7,93.0,2024-06-30,Rent,1660.25,Paid,2024-06-30
1939,7,93.0,2024-07-30,Rent,1660.25,Paid,2024-07-30
1940,7,93.0,2024-08-29,Rent,1660.25,Paid,2024-08-29
1941,7,93.0,2024-09-28,Rent,1660.25,Paid,2024-09-28
1942,7,93.0,2024-10-28,Rent,1660.25,Paid,2024-10-28
1943,7,93.0,2024-11-27,Rent,1660.25,Pending,2024-11-27
1944,7,93.0,2024-12-27,Rent,1660.25,Paid,2024-12-27
1945,17,94.0,2023-11-22,Rent,1624.9,Paid,2023-11-22
1946,17,94.0,2023-12-22,Rent,1624.9,Paid,2023-12-22
1947,17,94.0,2024-01-21,Rent,1624.9,Pending,2024-01-21
1948,17,94.0,2024-02-20,Rent,1624.9,Paid,2024-02-20
1949,17,94.0,2024-03-21,Rent,1624.9,Paid,2024-03-21
1950,17,94.0,2024-04-20,Rent,1624.9,Paid,2024-04-20
1951,17,94.0,2024-05-20,Rent,1624.9,Paid,2024-05-20
1952,17,94.0,2024-06-19,Rent,1624.9,Paid,2024-06-19
1953,17,94.0,2024-07-19,Rent,1624.9,Paid,2024-07-19
1954,17,94.0,2024-08-18,Rent,1624.9,Paid,2024-08-18
1955,17,94.0,2024-09-17,Rent,1624.9,Paid,2024-09-17
1956,17,94.0,2024-10-17,Rent,1624.9,Paid,2024-10-17
1957,17,94.0,2024-11-16,Rent,1624.9,Pending,2024-11-16
1958,17,94.0,2024-12-16,Rent,1624.9,Paid,2024-12-16
1959,18,95.0,2023-03-30,Rent,526.5,Paid,2023-03-30
1960,18,95.0,2023-04-29,Rent,526.5,Pending,2023-04-29
1961,18,95.0,2023-05-29,Rent,526.5,Paid,2023-05-29
1962,18,95.0,2023-06-28,Rent,526.5,Paid,2023-06-28
1963,18,95.0,2023-07-28,Rent,526.5,Paid,2023-07-28
1964,18,95.0,2023-08-27,Rent,526.5,Paid,2023-08-27
1965,18,95.0,2023-09-26,Rent,526.5,Paid,2023-09-26
1966,18,95.0,2023-10-26,Rent,526.5,Paid,2023-10-26
1967,18,95.0,2023-11-25,Rent,526.5,Paid,2023-11-25
1968,18,95.0,2023-12-25,Rent,526.5,Pending,2023-12-25
1969,18,95.0,2024-01-24,Rent,526.5,Paid,2024-01-24
1970,18,95.0,2024-02-23,Rent,526.5,Paid,2024-02-23
1971,18,95.0,2024-03-24,Rent,526.5,Paid,2024-03-24
1972,18,95.0,2024-04-23,Rent,526.5,Paid,2024-04-23
1973,18,95.0,2024-05-23,Rent,526.5,Paid,2024-05-23
1974,18,95.0,2024-06-22,Rent,526.5,Paid,2024-06-22
1975,18,95.0,2024-07-22,Rent,526.5,Paid,2024-07-22
1976,18,95.0,2024-08-21,Rent,526.5,Paid,2024-08-21
1977,18,95.0,2024-09-20,Rent,526.5,Paid,2024-09-20
1978,18,95.0,2024-10-20,Rent,526.5,Paid,2024-10-20
1979,18,95.0,2024-11-19,Rent,526.5,Paid,2024-11-19
1980,18,95.0,2024-12-19,Rent,526.5,Paid,2024-12-19
1981,8,96.0,2023-05-13,Rent,1322.32,Paid,2023-05-13
1982,8,96.0,2023-06-12,Rent,1322.32,Paid,2023-06-12
1983,8,96.0,2023-07-12,Rent,1322.32,Paid,2023-07-12
1984,8,96.0,2023-08-11,Rent,1322.32,Paid,2023-08-11
1985,8,96.0,2023-09-10,Rent,1322.32,Paid,2023-09-10
1986,8,96.0,2023-10-10,Rent,1322.32,Paid,2023-10-10
1987,8,96.0,2023-11-09,Rent,1322.32,Paid,2023-11-09
1988,8,96.0,2023-12-09,Rent,1322.32,Paid,2023-12-09
1989,8,96.0,2024-01-08,Rent,1322.32,Paid,2024-01-08
1990,8,96.0,2024-02-07,Rent,1322.32,Paid,2024-02-07
1991,8,96.0,2024-03-08,Rent,1322.32,Paid,2024-03-08
1992,8,96.0,2024-04-07,Rent,1322.32,Paid,2024-04-07
1993,8,96.0,2024-05-07,Rent,1322.32,Pending,2024-05-07
1994,8,96.0,2024-06-06,Rent,1322.32,Paid,2024-06-06
1995,8,96.0,2024-07-06,Rent,1322.32,Paid,2024-07-06
1996,8,96.0,2024-08-05,Rent,1322.32,Paid,2024-08-05
1997,8,96.0,2024-09-04,Rent,1322.32,Paid,2024-09-04
1998,8,96.0,2024-10-04,Rent,1322.32,Paid,2024-10-04
1999,8,96.0,2024-11-03,Rent,1322.32,Paid,2024-11-03
2000,8,96.0,2024-12-03,Rent,1322.32,Paid,2024-12-03
2001,18,97.0,2023-03-01,Rent,1302.87,Paid,2023-03-01
2002,18,97.0,2023-03-31,Rent,1302.87,Paid,2023-03-31
2003,18,97.0,2023-04-30,Rent,1302.87,Paid,2023-04-30
2004,18,97.0,2023-05-30,Rent,1302.87,Paid,2023-05-30
2005,18,97.0,2023-06-29,Rent,1302.87,Paid,2023-06-29
2006,18,97.0,2023-07-29,Rent,1302.87,Paid,2023-07-29
2007,18,97.0,2023-08-28,Rent,1302.87,Paid,2023-08-28
2008,18,97.0,2023-09-27,Rent,1302.87,Paid,2023-09-27
2009,18,97.0,2023-10-27,Rent,1302.87,Paid,2023-10-27
2010,18,97.0,2023-11-26,Rent,1302.87,Paid,2023-11-26
2011,18,97.0,2023-12-26,Rent,1302.87,Paid,2023-12-26
2012,18,97.0,2024-01-25,Rent,1302.87,Paid,2024-01-25
2013,18,97.0,2024-02-24,Rent,1302.87,Paid,2024-02-24
2014,18,97.0,2024-03-25,Rent,1302.87,Paid,2024-03-25
2015,18,97.0,2024-04-24,Rent,1302.87,Paid,2024-04-24
2016,18,97.0,2024-05-24,Rent,1302.87,Paid,2024-05-24
2017,18,97.0,2024-06-23,Rent,1302.87,Pending,2024-06-23
2018,18,97.0,2024-07-23,Rent,1302.87,Paid,2024-07-23
2019,18,97.0,2024-08-22,Rent,1302.87,Paid,2024-08-22
2020,18,97.0,2024-09-21,Rent,1302.87,Paid,2024-09-21
2021,18,97.0,2024-10-21,Rent,1302.87,Paid,2024-10-21
2022,18,97.0,2024-11-20,Rent,1302.87,Paid,2024-11-20
2023,18,98.0,2023-06-09,Rent,1336.29,Paid,2023-06-09
2024,18,98.0,2023-07-09,Rent,1336.29,Paid,2023-07-09
2025,18,98.0,2023-08-08,Rent,1336.29,Paid,2023-08-08
2026,18,98.0,2023-09-07,Rent,1336.29,Paid,2023-09-07
2027,18,98.0,2023-10-07,Rent,1336.29,Paid,2023-10-07
2028,18,98.0,2023-11-06,Rent,1336.29,Paid,2023-11-06
2029,18,98.0,2023-12-06,Rent,1336.29,Paid,2023-12-06
2030,18,98.0,2024-01-05,Rent,1336.29,Paid,2024-01-05
2031,18,98.0,2024-02-04,Rent,1336.29,Paid,2024-02-04
2032,18,98.0,2024-03-05,Rent,1336.29,Paid,2024-03-05
2033,18,98.0,2024-04-04,Rent,1336.29,Paid,2024-04-04
2034,18,98.0,2024-05-04,Rent,1336.29,Paid,2024-05-04
2035,18,98.0,2024-06-03,Rent,1336.29,Paid,2024-06-03
2036,18,98.0,2024-07-03,Rent,1336.29,Paid,2024-07-03
2037,18,98.0,2024-08-02,Rent,1336.29,Paid,2024-08-02
2038,18,98.0,2024-09-01,Rent,1336.29,Paid,2024-09-01
2039,18,98.0,2024-10-01,Rent,1336.29,Paid,2024-10-01
2040,12,99.0,2023-03-17,Rent,1277.2,Paid,2023-03-17
2041,12,99.0,2023-04-16,Rent,1277.2,Paid,2023-04-16
2042,12,99.0,2023-05-16,Rent,1277.2,Paid,2023-05-16
2043,12,99.0,2023-06-15,Rent,1277.2,Paid,2023-06-15
2044,12,99.0,2023-07-15,Rent,1277.2,Paid,2023-07-15
2045,12,99.0,2023-08-14,Rent,1277.2,Paid,2023-08-14
2046,12,99.0,2023-09-13,Rent,1277.2,Paid,2023-09-13
2047,12,99.0,2023-10-13,Rent,1277.2,Paid,2023-10-13
2048,12,99.0,2023-11-12,Rent,1277.2,Paid,2023-11-12
2049,12,99.0,2023-12-12,Rent,1277.2,Paid,2023-12-12
2050,12,99.0,2024-01-11,Rent,1277.2,Paid,2024-01-11
2051,12,99.0,2024-02-10,Rent,1277.2,Paid,2024-02-10
2052,12,99.0,2024-03-11,Rent,1277.2,Paid,2024-03-11
2053,12,99.0,2024-04-10,Rent,1277.2,Paid,2024-04-10
2054,12,99.0,2024-05-10,Rent,1277.2,Paid,2024-05-10
2055,12,99.0,2024-06-09,Rent,1277.2,Paid,2024-06-09
2056,1,100.0,2023-11-26,Rent,1553.34,Paid,2023-11-26
2057,1,100.0,2023-12-26,Rent,1553.34,Paid,2023-12-26
2058,1,100.0,2024-01-25,Rent,1553.34,Pending,2024-01-25
2059,1,100.0,2024-02-24,Rent,1553.34,Paid,2024-02-24
2060,1,100.0,2024-03-25,Rent,1553.34,Paid,2024-03-25
2061,1,100.0,2024-04-24,Rent,1553.34,Paid,2024-04-24
2062,1,100.0,2024-05-24,Rent,1553.34,Paid,2024-05-24
2063,1,100.0,2024-06-23,Rent,1553.34,Paid,2024-06-23
2064,1,100.0,2024-07-23,Rent,1553.34,Paid,2024-07-23
2065,1,100.0,2024-08-22,Rent,1553.34,Paid,2024-08-22
2066,1,100.0,2024-09-21,Rent,1553.34,Paid,2024-09-21
2067,1,100.0,2024-10-21,Rent,1553.34,Paid,2024-10-21
2068,1,100.0,2024-11-20,Rent,1553.34,Paid,2024-11-20
2069,1,100.0,2024-12-20,Rent,1553.34,Paid,2024-12-20
2070,10,101.0,2023-05-14,Rent,1557.76,Paid,2023-05-14
2071,10,101.0,2023-06-13,Rent,1557.76,Paid,2023-06-13
2072,10,101.0,2023-07-13,Rent,1557.76,Paid,2023-07-13
2073,10,101.0,2023-08-12,Rent,1557.76,Paid,2023-08-12
2074,10,101.0,2023-09-11,Rent,1557.76,Paid,2023-09-11
2075,10,101.0,2023-10-11,Rent,1557.76,Paid,2023-10-11
2076,10,101.0,2023-11-10,Rent,1557.76,Paid,2023-11-10
2077,10,101.0,2023-12-10,Rent,1557.76,Paid,2023-12-10
2078,10,101.0,2024-01-09,Rent,1557.76,Pending,2024-01-09
2079,10,101.0,2024-02-08,Rent,1557.76,Paid,2024-02-08
2080,10,101.0,2024-03-09,Rent,1557.76,Paid,2024-03-09
2081,10,101.0,2024-04-08,Rent,1557.76,Paid,2024-04-08
2082,10,101.0,2024-05-08,Rent,1557.76,Paid,2024-05-08
2083,10,101.0,2024-06-07,Rent,1557.76,Paid,2024-06-07
2084,10,101.0,2024-07-07,Rent,1557.76,Paid,2024-07-07
2085,10,101.0,2024-08-06,Rent,1557.76,Paid,2024-08-06
2086,10,101.0,2024-09-05,Rent,1557.76,Paid,2024-09-05
2087,10,101.0,2024-10-05,Rent,1557.76,Paid,2024-10-05
2088,10,101.0,2024-11-04,Rent,1557.76,Paid,2024-11-04
2089,10,101.0,2024-12-04,Rent,1557.76,Paid,2024-12-04
2090,12,102.0,2022-11-12,Rent,652.53,Paid,2022-11-12
2091,12,102.0,2022-12-12,Rent,652.53,Paid,2022-12-12
2092,12,102.0,2023-01-11,Rent,652.53,Paid,2023-01-11
2093,12,102.0,2023-02-10,Rent,652.53,Paid,2023-02-10
2094,12,102.0,2023-03-12,Rent,652.53,Paid,2023-03-12
2095,12,102.0,2023-04-11,Rent,652.53,Paid,2023-04-11
2096,12,102.0,2023-05-11,Rent,652.53,Paid,2023-05-11
2097,12,102.0,2023-06-10,Rent,652.53,Paid,2023-06-10
2098,12,102.0,2023-07-10,Rent,652.53,Paid,2023-07-10
2099,12,102.0,2023-08-09,Rent,652.53,Paid,2023-08-09
2100,12,102.0,2023-09-08,Rent,652.53,Pending,2023-09-08
2101,12,102.0,2023-10-08,Rent,652.53,Paid,2023-10-08
2102,12,102.0,2023-11-07,Rent,652.53,Pending,2023-11-07
2103,12,102.0,2023-12-07,Rent,652.53,Paid,2023-12-07
2104,16,103.0,2023-02-09,Rent,1259.14,Paid,2023-02-09
2105,16,103.0,2023-03-11,Rent,1259.14,Paid,2023-03-11
2106,16,103.0,2023-04-10,Rent,1259.14,Paid,2023-04-10
2107,16,103.0,2023-05-10,Rent,1259.14,Paid,2023-05-10
2108,16,103.0,2023-06-09,Rent,1259.14,Paid,2023-06-09
2109,16,103.0,2023-07-09,Rent,1259.14,Paid,2023-07-09
2110,16,103.0,2023-08-08,Rent,1259.14,Paid,2023-08-08
2111,16,103.0,2023-09-07,Rent,1259.14,Paid,2023-09-07
2112,16,103.0,2023-10-07,Rent,1259.14,Paid,2023-10-07
2113,16,103.0,2023-11-06,Rent,1259.14,Paid,2023-11-06
2114,16,103.0,2023-12-06,Rent,1259.14,Paid,2023-12-06
2115,16,103.0,2024-01-05,Rent,1259.14,Paid,2024-01-05
2116,16,103.0,2024-02-04,Rent,1259.14,Paid,2024-02-04
2117,16,103.0,2024-03-05,Rent,1259.14,Paid,2024-03-05
2118,16,103.0,2024-04-04,Rent,1259.14,Paid,2024-04-04
2119,16,103.0,2024-05-04,Rent,1259.14,Paid,2024-05-04
2120,16,103.0,2024-06-03,Rent,1259.14,Paid,2024-06-03
2121,16,103.0,2024-07-03,Rent,1259.14,Paid,2024-07-03
2122,16,103.0,2024-08-02,Rent,1259.14,Paid,2024-08-02
2123,16,103.0,2024-09-01,Rent,1259.14,Paid,2024-09-01
2124,16,103.0,2024-10-01,Rent,1259.14,Pending,2024-10-01
2125,16,103.0,2024-10-31,Rent,1259.14,Paid,2024-10-31
2126,16,103.0,2024-11-30,Rent,1259.14,Paid,2024-11-30
2127,16,103.0,2024-12-30,Rent,1259.14,Paid,2024-12-30
2128,20,104.0,2022-01-08,Rent,1161.61,Paid,2022-01-08
2129,20,104.0,2022-02-07,Rent,1161.61,Paid,2022-02-07
2130,20,104.0,2022-03-09,Rent,1161.61,Paid,2022-03-09
2131,20,104.0,2022-04-08,Rent,1161.61,Paid,2022-04-08
2132,20,104.0,2022-05-08,Rent,1161.61,Paid,2022-05-08
2133,20,104.0,2022-06-07,Rent,1161.61,Paid,2022-06-07
2134,20,104.0,2022-07-07,Rent,1161.61,Paid,2022-07-07
2135,20,104.0,2022-08-06,Rent,1161.61,Paid,2022-08-06
2136,20,104.0,2022-09-05,Rent,1161.61,Paid,2022-09-05
2137,20,104.0,2022-10-05,Rent,1161.61,Paid,2022-10-05
2138,20,104.0,2022-11-04,Rent,1161.61,Paid,2022-11-04
2139,20,104.0,2022-12-04,Rent,1161.61,Paid,2022-12-04
2140,20,104.0,2023-01-03,Rent,1161.61,Paid,2023-01-03
2141,20,104.0,2023-02-02,Rent,1161.61,Paid,2023-02-02
2142,20,104.0,2023-03-04,Rent,1161.61,Paid,2023-03-04
2143,20,104.0,2023-04-03,Rent,1161.61,Paid,2023-04-03
2144,20,104.0,2023-05-03,Rent,1161.61,Paid,2023-05-03
2145,20,104.0,2023-06-02,Rent,1161.61,Pending,2023-06-02
2146,20,104.0,2023-07-02,Rent,1161.61,Paid,2023-07-02
2147,20,104.0,2023-08-01,Rent,1161.61,Paid,2023-08-01
2148,17,105.0,2022-08-05,Rent,957.55,Paid,2022-08-05
2149,17,105.0,2022-09-04,Rent,957.55,Paid,2022-09-04
2150,17,105.0,2022-10-04,Rent,957.55,Paid,2022-10-04
2151,17,105.0,2022-11-03,Rent,957.55,Paid,2022-11-03
2152,17,105.0,2022-12-03,Rent,957.55,Paid,2022-12-03
2153,17,105.0,2023-01-02,Rent,957.55,Paid,2023-01-02
2154,17,105.0,2023-02-01,Rent,957.55,Pending,2023-02-01
2155,17,105.0,2023-03-03,Rent,957.55,Paid,2023-03-03
2156,17,105.0,2023-04-02,Rent,957.55,Paid,2023-04-02
2157,17,105.0,2023-05-02,Rent,957.55,Paid,2023-05-02
2158,17,105.0,2023-06-01,Rent,957.55,Paid,2023-06-01
2159,17,105.0,2023-07-01,Rent,957.55,Paid,2023-07-01
2160,17,105.0,2023-07-31,Rent,957.55,Paid,2023-07-31
2161,17,105.0,2023-08-30,Rent,957.55,Paid,2023-08-30
2162,17,105.0,2023-09-29,Rent,957.55,Paid,2023-09-29
2163,17,105.0,2023-10-29,Rent,957.55,Paid,2023-10-29
2164,17,105.0,2023-11-28,Rent,957.55,Paid,2023-11-28
2165,7,106.0,2022-09-19,Rent,1557.79,Paid,2022-09-19
2166,7,106.0,2022-10-19,Rent,1557.79,Paid,2022-10-19
2167,7,106.0,2022-11-18,Rent,1557.79,Paid,2022-11-18
2168,7,106.0,2022-12-18,Rent,1557.79,Paid,2022-12-18
2169,7,106.0,2023-01-17,Rent,1557.79,Paid,2023-01-17
2170,7,106.0,2023-02-16,Rent,1557.79,Paid,2023-02-16
2171,7,106.0,2023-03-18,Rent,1557.79,Paid,2023-03-18
2172,7,106.0,2023-04-17,Rent,1557.79,Paid,2023-04-17
2173,7,106.0,2023-05-17,Rent,1557.79,Paid,2023-05-17
2174,7,106.0,2023-06-16,Rent,1557.79,Paid,2023-06-16
2175,7,106.0,2023-07-16,Rent,1557.79,Paid,2023-07-16
2176,7,106.0,2023-08-15,Rent,1557.79,Paid,2023-08-15
2177,7,106.0,2023-09-14,Rent,1557.79,Paid,2023-09-14
2178,7,106.0,2023-10-14,Rent,1557.79,Paid,2023-10-14
2179,7,106.0,2023-11-13,Rent,1557.79,Paid,2023-11-13
2180,7,106.0,2023-12-13,Rent,1557.79,Paid,2023-12-13
2181,7,106.0,2024-01-12,Rent,1557.79,Paid,2024-01-12
2182,7,106.0,2024-02-11,Rent,1557.79,Paid,2024-02-11
2183,7,106.0,2024-03-12,Rent,1557.79,Paid,2024-03-12
2184,7,106.0,2024-04-11,Rent,1557.79,Paid,2024-04-11
2185,7,106.0,2024-05-11,Rent,1557.79,Paid,2024-05-11
2186,7,106.0,2024-06-10,Rent,1557.79,Paid,2024-06-10
2187,7,106.0,2024-07-10,Rent,1557.79,Paid,2024-07-10
2188,4,107.0,2022-05-03,Rent,1337.4,Paid,2022-05-03
2189,4,107.0,2022-06-02,Rent,1337.4,Paid,2022-06-02
2190,4,107.0,2022-07-02,Rent,1337.4,Paid,2022-07-02
2191,4,107.0,2022-08-01,Rent,1337.4,Paid,2022-08-01
2192,4,107.0,2022-08-31,Rent,1337.4,Paid,2022-08-31
2193,4,107.0,2022-09-30,Rent,1337.4,Paid,2022-09-30
2194,4,107.0,2022-10-30,Rent,1337.4,Paid,2022-10-30
2195,4,107.0,2022-11-29,Rent,1337.4,Paid,2022-11-29
2196,4,107.0,2022-12-29,Rent,1337.4,Paid,2022-12-29
2197,4,107.0,2023-01-28,Rent,1337.4,Paid,2023-01-28
2198,4,107.0,2023-02-27,Rent,1337.4,Paid,2023-02-27
2199,4,107.0,2023-03-29,Rent,1337.4,Paid,2023-03-29
2200,4,107.0,2023-04-28,Rent,1337.4,Paid,2023-04-28
2201,20,108.0,2023-03-17,Rent,1099.37,Paid,2023-03-17
2202,20,108.0,2023-04-16,Rent,1099.37,Paid,2023-04-16
2203,20,108.0,2023-05-16,Rent,1099.37,Paid,2023-05-16
2204,20,108.0,2023-06-15,Rent,1099.37,Paid,2023-06-15
2205,20,108.0,2023-07-15,Rent,1099.37,Paid,2023-07-15
2206,20,108.0,2023-08-14,Rent,1099.37,Paid,2023-08-14
2207,20,108.0,2023-09-13,Rent,1099.37,Paid,2023-09-13
2208,20,108.0,2023-10-13,Rent,1099.37,Paid,2023-10-13
2209,20,108.0,2023-11-12,Rent,1099.37,Pending,2023-11-12
2210,20,108.0,2023-12-12,Rent,1099.37,Paid,2023-12-12
2211,20,108.0,2024-01-11,Rent,1099.37,Paid,2024-01-11
2212,20,108.0,2024-02-10,Rent,1099.37,Paid,2024-02-10
2213,20,108.0,2024-03-11,Rent,1099.37,Paid,2024-03-11
2214,20,108.0,2024-04-10,Rent,1099.37,Paid,2024-04-10
2215,20,108.0,2024-05-10,Rent,1099.37,Paid,2024-05-10
2216,20,108.0,2024-06-09,Rent,1099.37,Paid,2024-06-09
2217,20,108.0,2024-07-09,Rent,1099.37,Paid,2024-07-09
2218,20,108.0,2024-08-08,Rent,1099.37,Paid,2024-08-08
2219,20,108.0,2024-09-07,Rent,1099.37,Paid,2024-09-07
2220,9,109.0,2023-01-25,Rent,1489.12,Paid,2023-01-25
2221,9,109.0,2023-02-24,Rent,1489.12,Paid,2023-02-24
2222,9,109.0,2023-03-26,Rent,1489.12,Paid,2023-03-26
2223,9,109.0,2023-04-25,Rent,1489.12,Paid,2023-04-25
2224,9,109.0,2023-05-25,Rent,1489.12,Paid,2023-05-25
2225,9,109.0,2023-06-24,Rent,1489.12,Paid,2023-06-24
2226,9,109.0,2023-07-24,Rent,1489.12,Paid,2023-07-24
2227,9,109.0,2023-08-23,Rent,1489.12,Paid,2023-08-23
2228,9,109.0,2023-09-22,Rent,1489.12,Paid,2023-09-22
2229,9,109.0,2023-10-22,Rent,1489.12,Paid,2023-10-22
2230,9,109.0,2023-11-21,Rent,1489.12,Paid,2023-11-21
2231,9,109.0,2023-12-21,Rent,1489.12,Paid,2023-12-21
2232,9,109.0,2024-01-20,Rent,1489.12,Paid,2024-01-20
2233,9,109.0,2024-02-19,Rent,1489.12,Paid,2024-02-19
2234,9,109.0,2024-03-20,Rent,1489.12,Paid,2024-03-20
2235,9,109.0,2024-04-19,Rent,1489.12,Pending,2024-04-19
2236,9,109.0,2024-05-19,Rent,1489.12,Paid,2024-05-19
2237,9,109.0,2024-06-18,Rent,1489.12,Paid,2024-06-18
2238,9,109.0,2024-07-18,Rent,1489.12,Paid,2024-07-18
2239,9,109.0,2024-08-17,Rent,1489.12,Paid,2024-08-17
2240,9,109.0,2024-09-16,Rent,1489.12,Paid,2024-09-16
2241,9,109.0,2024-10-16,Rent,1489.12,Paid,2024-10-16
2242,9,109.0,2024-11-15,Rent,1489.12,Paid,2024-11-15
2243,9,109.0,2024-12-15,Rent,1489.12,Paid,2024-12-15
2244,8,110.0,2022-08-24,Rent,819.09,Paid,2022-08-24
2245,8,110.0,2022-09-23,Rent,819.09,Paid,2022-09-23
2246,8,110.0,2022-10-23,Rent,819.09,Paid,2022-10-23
2247,8,110.0,2022-11-22,Rent,819.09,Paid,2022-11-22
2248,8,110.0,2022-12-22,Rent,819.09,Paid,2022-12-22
2249,8,110.0,2023-01-21,Rent,819.09,Paid,2023-01-21
2250,8,110.0,2023-02-20,Rent,819.09,Paid,2023-02-20
2251,8,110.0,2023-03-22,Rent,819.09,Paid,2023-03-22
2252,8,110.0,2023-04-21,Rent,819.09,Paid,2023-04-21
2253,8,110.0,2023-05-21,Rent,819.09,Paid,2023-05-21
2254,8,110.0,2023-06-20,Rent,819.09,Paid,2023-06-20
2255,8,110.0,2023-07-20,Rent,819.09,Paid,2023-07-20
2256,8,110.0,2023-08-19,Rent,819.09,Paid,2023-08-19
2257,8,110.0,2023-09-18,Rent,819.09,Paid,2023-09-18
2258,8,110.0,2023-10-18,Rent,819.09,Paid,2023-10-18
2259,8,110.0,2023-11-17,Rent,819.09,Paid,2023-11-17
2260,8,110.0,2023-12-17,Rent,819.09,Paid,2023-12-17
2261,8,110.0,2024-01-16,Rent,819.09,Paid,2024-01-16
2262,8,110.0,2024-02-15,Rent,819.09,Pending,2024-02-15
2263,8,110.0,2024-03-16,Rent,819.09,Paid,2024-03-16
2264,8,110.0,2024-04-15,Rent,819.09,Paid,2024-04-15
2265,8,110.0,2024-05-15,Rent,819.09,Paid,2024-05-15
2266,8,110.0,2024-06-14,Rent,819.09,Paid,2024-06-14
2267,8,110.0,2024-07-14,Rent,819.09,Pending,2024-07-14
2268,8,110.0,2024-08-13,Rent,819.09,Paid,2024-08-13
2269,8,110.0,2024-09-12,Rent,819.09,Paid,2024-09-12
2270,8,110.0,2024-10-12,Rent,819.09,Pending,2024-10-12
2271,8,110.0,2024-11-11,Rent,819.09,Paid,2024-11-11
2272,8,110.0,2024-12-11,Rent,819.09,Paid,2024-12-11
2273,4,111.0,2023-11-16,Rent,1461.06,Paid,2023-11-16
2274,4,111.0,2023-12-16,Rent,1461.06,Paid,2023-12-16
2275,4,111.0,2024-01-15,Rent,1461.06,Paid,2024-01-15
2276,4,111.0,2024-02-14,Rent,1461.06,Paid,2024-02-14
2277,4,111.0,2024-03-15,Rent,1461.06,Paid,2024-03-15
2278,4,111.0,2024-04-14,Rent,1461.06,Paid,2024-04-14
2279,4,111.0,2024-05-14,Rent,1461.06,Paid,2024-05-14
2280,4,111.0,2024-06-13,Rent,1461.06,Paid,2024-06-13
2281,4,111.0,2024-07-13,Rent,1461.06,Paid,2024-07-13
2282,4,111.0,2024-08-12,Rent,1461.06,Paid,2024-08-12
2283,4,111.0,2024-09-11,Rent,1461.06,Paid,2024-09-11
2284,4,111.0,2024-10-11,Rent,1461.06,Paid,2024-10-11
2285,4,111.0,2024-11-10,Rent,1461.06,Paid,2024-11-10
2286,4,111.0,2024-12-10,Rent,1461.06,Paid,2024-12-10
2287,20,112.0,2023-02-11,Rent,988.69,Paid,2023-02-11
2288,20,112.0,2023-03-13,Rent,988.69,Paid,2023-03-13
2289,20,112.0,2023-04-12,Rent,988.69,Paid,2023-04-12
2290,20,112.0,2023-05-12,Rent,988.69,Paid,2023-05-12
2291,20,112.0,2023-06-11,Rent,988.69,Paid,2023-06-11
2292,20,112.0,2023-07-11,Rent,988.69,Paid,2023-07-11
2293,20,112.0,2023-08-10,Rent,988.69,Paid,2023-08-10
2294,20,112.0,2023-09-09,Rent,988.69,Paid,2023-09-09
2295,20,112.0,2023-10-09,Rent,988.69,Paid,2023-10-09
2296,20,112.0,2023-11-08,Rent,988.69,Paid,2023-11-08
2297,20,112.0,2023-12-08,Rent,988.69,Paid,2023-12-08
2298,20,112.0,2024-01-07,Rent,988.69,Paid,2024-01-07
2299,20,112.0,2024-02-06,Rent,988.69,Paid,2024-02-06
2300,20,112.0,2024-03-07,Rent,988.69,Paid,2024-03-07
2301,9,113.0,2022-01-20,Rent,892.5,Paid,2022-01-20
2302,9,113.0,2022-02-19,Rent,892.5,Paid,2022-02-19
2303,9,113.0,2022-03-21,Rent,892.5,Paid,2022-03-21
2304,9,113.0,2022-04-20,Rent,892.5,Paid,2022-04-20
2305,9,113.0,2022-05-20,Rent,892.5,Pending,2022-05-20
2306,9,113.0,2022-06-19,Rent,892.5,Paid,2022-06-19
2307,9,113.0,2022-07-19,Rent,892.5,Paid,2022-07-19
2308,9,113.0,2022-08-18,Rent,892.5,Paid,2022-08-18
2309,9,113.0,2022-09-17,Rent,892.5,Paid,2022-09-17
2310,9,113.0,2022-10-17,Rent,892.5,Paid,2022-10-17
2311,9,113.0,2022-11-16,Rent,892.5,Paid,2022-11-16
2312,9,113.0,2022-12-16,Rent,892.5,Pending,2022-12-16
2313,9,113.0,2023-01-15,Rent,892.5,Paid,2023-01-15
2314,9,113.0,2023-02-14,Rent,892.5,Paid,2023-02-14
2315,9,113.0,2023-03-16,Rent,892.5,Paid,2023-03-16
2316,9,113.0,2023-04-15,Rent,892.5,Paid,2023-04-15
2317,9,113.0,2023-05-15,Rent,892.5,Paid,2023-05-15
2318,9,113.0,2023-06-14,Rent,892.5,Paid,2023-06-14
2319,9,113.0,2023-07-14,Rent,892.5,Paid,2023-07-14
2320,9,113.0,2023-08-13,Rent,892.5,Paid,2023-08-13
2321,9,113.0,2023-09-12,Rent,892.5,Paid,2023-09-12
2322,9,113.0,2023-10-12,Rent,892.5,Paid,2023-10-12
2323,9,113.0,2023-11-11,Rent,892.5,Paid,2023-11-11
2324,9,113.0,2023-12-11,Rent,892.5,Paid,2023-12-11
2325,9,113.0,2024-01-10,Rent,892.5,Paid,2024-01-10
2326,9,113.0,2024-02-09,Rent,892.5,Paid,2024-02-09
2327,9,113.0,2024-03-10,Rent,892.5,Paid,2024-03-10
2328,9,113.0,2024-04-09,Rent,892.5,Paid,2024-04-09
2329,6,114.0,2022-11-17,Rent,668.9,Paid,2022-11-17
2330,6,114.0,2022-12-17,Rent,668.9,Paid,2022-12-17
2331,6,114.0,2023-01-16,Rent,668.9,Paid,2023-01-16
2332,6,114.0,2023-02-15,Rent,668.9,Paid,2023-02-15
2333,6,114.0,2023-03-17,Rent,668.9,Paid,2023-03-17
2334,6,114.0,2023-04-16,Rent,668.9,Paid,2023-04-16
2335,6,114.0,2023-05-16,Rent,668.9,Paid,2023-05-16
2336,6,114.0,2023-06-15,Rent,668.9,Paid,2023-06-15
2337,6,114.0,2023-07-15,Rent,668.9,Paid,2023-07-15
2338,6,114.0,2023-08-14,Rent,668.9,Paid,2023-08-14
2339,6,114.0,2023-09-13,Rent,668.9,Paid,2023-09-13
2340,6,114.0,2023-10-13,Rent,668.9,Pending,2023-10-13
2341,6,114.0,2023-11-12,Rent,668.9,Paid,2023-11-12
2342,6,114.0,2023-12-12,Rent,668.9,Pending,2023-12-12
2343,6,114.0,2024-01-11,Rent,668.9,Paid,2024-01-11
2344,6,114.0,2024-02-10,Rent,668.9,Paid,2024-02-10
2345,6,114.0,2024-03-11,Rent,668.9,Paid,2024-03-11
2346,6,114.0,2024-04-10,Rent,668.9,Paid,2024-04-10
2347,6,114.0,2024-05-10,Rent,668.9,Paid,2024-05-10
2348,6,114.0,2024-06-09,Rent,668.9,Paid,2024-06-09
2349,6,114.0,2024-07-09,Rent,668.9,Paid,2024-07-09
2350,6,114.0,2024-08-08,Rent,668.9,Paid,2024-08-08
2351,6,114.0,2024-09-07,Rent,668.9,Paid,2024-09-07
2352,6,114.0,2024-10-07,Rent,668.9,Paid,2024-10-07
2353,6,114.0,2024-11-06,Rent,668.9,Paid,2024-11-06
2354,6,114.0,2024-12-06,Rent,668.9,Paid,2024-12-06
2355,16,115.0,2023-08-11,Rent,1045.68,Pending,2023-08-11
2356,16,115.0,2023-09-10,Rent,1045.68,Paid,2023-09-10
2357,16,115.0,2023-10-10,Rent,1045.68,Paid,2023-10-10
2358,16,115.0,2023-11-09,Rent,1045.68,Paid,2023-11-09
2359,16,115.0,2023-12-09,Rent,1045.68,Pending,2023-12-09
2360,16,115.0,2024-01-08,Rent,1045.68,Paid,2024-01-08
2361,16,115.0,2024-02-07,Rent,1045.68,Paid,2024-02-07
2362,16,115.0,2024-03-08,Rent,1045.68,Paid,2024-03-08
2363,16,115.0,2024-04-07,Rent,1045.68,Paid,2024-04-07
2364,16,115.0,2024-05-07,Rent,1045.68,Paid,2024-05-07
2365,16,115.0,2024-06-06,Rent,1045.68,Paid,2024-06-06
2366,16,115.0,2024-07-06,Rent,1045.68,Paid,2024-07-06
2367,16,115.0,2024-08-05,Rent,1045.68,Paid,2024-08-05
2368,16,115.0,2024-09-04,Rent,1045.68,Paid,2024-09-04
2369,16,115.0,2024-10-04,Rent,1045.68,Paid,2024-10-04
2370,16,115.0,2024-11-03,Rent,1045.68,Pending,2024-11-03
2371,16,115.0,2024-12-03,Rent,1045.68,Paid,2024-12-03
2372,9,116.0,2023-10-18,Rent,935.58,Paid,2023-10-18
2373,9,116.0,2023-11-17,Rent,935.58,Paid,2023-11-17
2374,9,116.0,2023-12-17,Rent,935.58,Paid,2023-12-17
2375,9,116.0,2024-01-16,Rent,935.58,Paid,2024-01-16
2376,9,116.0,2024-02-15,Rent,935.58,Paid,2024-02-15
2377,9,116.0,2024-03-16,Rent,935.58,Paid,2024-03-16
2378,9,116.0,2024-04-15,Rent,935.58,Paid,2024-04-15
2379,9,116.0,2024-05-15,Rent,935.58,Paid,2024-05-15
2380,9,116.0,2024-06-14,Rent,935.58,Paid,2024-06-14
2381,9,116.0,2024-07-14,Rent,935.58,Paid,2024-07-14
2382,9,116.0,2024-08-13,Rent,935.58,Paid,2024-08-13
2383,9,116.0,2024-09-12,Rent,935.58,Paid,2024-09-12
2384,9,116.0,2024-10-12,Rent,935.58,Pending,2024-10-12
2385,9,116.0,2024-11-11,Rent,935.58,Paid,2024-11-11
2386,9,116.0,2024-12-11,Rent,935.58,Paid,2024-12-11
2387,2,117.0,2022-04-28,Rent,902.71,Pending,2022-04-28
2388,2,117.0,2022-05-28,Rent,902.71,Paid,2022-05-28
2389,2,117.0,2022-06-27,Rent,902.71,Paid,2022-06-27
2390,2,117.0,2022-07-27,Rent,902.71,Paid,2022-07-27
2391,2,117.0,2022-08-26,Rent,902.71,Paid,2022-08-26
2392,2,117.0,2022-09-25,Rent,902.71,Paid,2022-09-25
2393,2,117.0,2022-10-25,Rent,902.71,Paid,2022-10-25
2394,2,117.0,2022-11-24,Rent,902.71,Paid,2022-11-24
2395,2,117.0,2022-12-24,Rent,902.71,Paid,2022-12-24
2396,2,117.0,2023-01-23,Rent,902.71,Paid,2023-01-23
2397,2,117.0,2023-02-22,Rent,902.71,Paid,2023-02-22
2398,2,117.0,2023-03-24,Rent,902.71,Paid,2023-03-24
2399,2,117.0,2023-04-23,Rent,902.71,Paid,2023-04-23
2400,2,117.0,2023-05-23,Rent,902.71,Paid,2023-05-23
2401,2,117.0,2023-06-22,Rent,902.71,Paid,2023-06-22
2402,2,117.0,2023-07-22,Rent,902.71,Paid,2023-07-22
2403,2,117.0,2023-08-21,Rent,902.71,Paid,2023-08-21
2404,2,117.0,2023-09-20,Rent,902.71,Paid,2023-09-20
2405,2,117.0,2023-10-20,Rent,902.71,Paid,2023-10-20
2406,2,117.0,2023-11-19,Rent,902.71,Paid,2023-11-19
2407,2,117.0,2023-12-19,Rent,902.71,Paid,2023-12-19
2408,2,117.0,2024-01-18,Rent,902.71,Paid,2024-01-18
2409,2,117.0,2024-02-17,Rent,902.71,Paid,2024-02-17
2410,2,117.0,2024-03-18,Rent,902.71,Paid,2024-03-18
2411,2,117.0,2024-04-17,Rent,902.71,Paid,2024-04-17
2412,2,117.0,2024-05-17,Rent,902.71,Paid,2024-05-17
2413,3,118.0,2022-11-29,Rent,536.24,Paid,2022-11-29
2414,3,118.0,2022-12-29,Rent,536.24,Paid,2022-12-29
2415,3,118.0,2023-01-28,Rent,536.24,Paid,2023-01-28
2416,3,118.0,2023-02-27,Rent,536.24,Paid,2023-02-27
2417,3,118.0,2023-03-29,Rent,536.24,Paid,2023-03-29
2418,3,118.0,2023-04-28,Rent,536.24,Paid,2023-04-28
2419,3,118.0,2023-05-28,Rent,536.24,Paid,2023-05-28
2420,3,118.0,2023-06-27,Rent,536.24,Paid,2023-06-27
2421,3,118.0,2023-07-27,Rent,536.24,Paid,2023-07-27
2422,3,118.0,2023-08-26,Rent,536.24,Paid,2023-08-26
2423,3,118.0,2023-09-25,Rent,536.24,Paid,2023-09-25
2424,3,118.0,2023-10-25,Rent,536.24,Paid,2023-10-25
2425,3,118.0,2023-11-24,Rent,536.24,Paid,2023-11-24
2426,3,118.0,2023-12-24,Rent,536.24,Paid,2023-12-24
2427,3,118.0,2024-01-23,Rent,536.24,Paid,2024-01-23
2428,3,118.0,2024-02-22,Rent,536.24,Paid,2024-02-22
2429,3,118.0,2024-03-23,Rent,536.24,Paid,2024-03-23
2430,3,118.0,2024-04-22,Rent,536.24,Paid,2024-04-22
2431,3,118.0,2024-05-22,Rent,536.24,Paid,2024-05-22
2432,3,119.0,2023-04-17,Rent,657.62,Paid,2023-04-17
2433,3,119.0,2023-05-17,Rent,657.62,Paid,2023-05-17
2434,3,119.0,2023-06-16,Rent,657.62,Paid,2023-06-16
2435,3,119.0,2023-07-16,Rent,657.62,Paid,2023-07-16
2436,3,119.0,2023-08-15,Rent,657.62,Paid,2023-08-15
2437,3,119.0,2023-09-14,Rent,657.62,Paid,2023-09-14
2438,3,119.0,2023-10-14,Rent,657.62,Paid,2023-10-14
2439,3,119.0,2023-11-13,Rent,657.62,Paid,2023-11-13
2440,3,119.0,2023-12-13,Rent,657.62,Paid,2023-12-13
2441,3,119.0,2024-01-12,Rent,657.62,Paid,2024-01-12
2442,3,119.0,2024-02-11,Rent,657.62,Paid,2024-02-11
2443,3,119.0,2024-03-12,Rent,657.62,Paid,2024-03-12
2444,3,119.0,2024-04-11,Rent,657.62,Paid,2024-04-11
2445,3,119.0,2024-05-11,Rent,657.62,Paid,2024-05-11
2446,3,119.0,2024-06-10,Rent,657.62,Paid,2024-06-10
2447,3,119.0,2024-07-10,Rent,657.62,Paid,2024-07-10
2448,3,119.0,2024-08-09,Rent,657.62,Paid,2024-08-09
2449,3,119.0,2024-09-08,Rent,657.62,Paid,2024-09-08
2450,3,119.0,2024-10-08,Rent,657.62,Paid,2024-10-08
2451,3,119.0,2024-11-07,Rent,657.62,Paid,2024-11-07
2452,3,119.0,2024-12-07,Rent,657.62,Paid,2024-12-07
2453,16,120.0,2022-04-01,Rent,1136.47,Paid,2022-04-01
2454,16,120.0,2022-05-01,Rent,1136.47,Paid,2022-05-01
2455,16,120.0,2022-05-31,Rent,1136.47,Paid,2022-05-31
2456,16,120.0,2022-06-30,Rent,1136.47,Paid,2022-06-30
2457,16,120.0,2022-07-30,Rent,1136.47,Paid,2022-07-30
2458,16,120.0,2022-08-29,Rent,1136.47,Paid,2022-08-29
2459,16,120.0,2022-09-28,Rent,1136.47,Paid,2022-09-28
2460,16,120.0,2022-10-28,Rent,1136.47,Pending,2022-10-28
2461,16,120.0,2022-11-27,Rent,1136.47,Paid,2022-11-27
2462,16,120.0,2022-12-27,Rent,1136.47,Paid,2022-12-27
2463,16,120.0,2023-01-26,Rent,1136.47,Paid,2023-01-26
2464,16,120.0,2023-02-25,Rent,1136.47,Paid,2023-02-25
2465,16,120.0,2023-03-27,Rent,1136.47,Paid,2023-03-27
2466,16,120.0,2023-04-26,Rent,1136.47,Paid,2023-04-26
2467,16,120.0,2023-05-26,Rent,1136.47,Paid,2023-05-26
2468,16,120.0,2023-06-25,Rent,1136.47,Paid,2023-06-25
2469,16,120.0,2023-07-25,Rent,1136.47,Paid,2023-07-25
2470,16,120.0,2023-08-24,Rent,1136.47,Paid,2023-08-24
2471,16,120.0,2023-09-23,Rent,1136.47,Paid,2023-09-23
2472,16,120.0,2023-10-23,Rent,1136.47,Paid,2023-10-23
2473,16,120.0,2023-11-22,Rent,1136.47,Paid,2023-11-22
2474,16,120.0,2023-12-22,Rent,1136.47,Pending,2023-12-22
2475,16,120.0,2024-01-21,Rent,1136.47,Paid,2024-01-21
2476,16,120.0,2024-02-20,Rent,1136.47,Paid,2024-02-20
2477,16,120.0,2024-03-21,Rent,1136.47,Paid,2024-03-21
2478,16,120.0,2024-04-20,Rent,1136.47,Paid,2024-04-20
2479,16,120.0,2024-05-20,Rent,1136.47,Paid,2024-05-20
2480,16,120.0,2024-06-19,Rent,1136.47,Paid,2024-06-19
2481,18,121.0,2022-09-07,Rent,874.15,Paid,2022-09-07
2482,18,121.0,2022-10-07,Rent,874.15,Paid,2022-10-07
2483,18,121.0,2022-11-06,Rent,874.15,Paid,2022-11-06
2484,18,121.0,2022-12-06,Rent,874.15,Paid,2022-12-06
2485,18,121.0,2023-01-05,Rent,874.15,Paid,2023-01-05
2486,18,121.0,2023-02-04,Rent,874.15,Paid,2023-02-04
2487,18,121.0,2023-03-06,Rent,874.15,Paid,2023-03-06
2488,18,121.0,2023-04-05,Rent,874.15,Pending,2023-04-05
2489,18,121.0,2023-05-05,Rent,874.15,Paid,2023-05-05
2490,18,121.0,2023-06-04,Rent,874.15,Paid,2023-06-04
2491,18,121.0,2023-07-04,Rent,874.15,Paid,2023-07-04
2492,18,121.0,2023-08-03,Rent,874.15,Paid,2023-08-03
2493,18,121.0,2023-09-02,Rent,874.15,Paid,2023-09-02
2494,18,121.0,2023-10-02,Rent,874.15,Paid,2023-10-02
2495,18,121.0,2023-11-01,Rent,874.15,Paid,2023-11-01
2496,18,121.0,2023-12-01,Rent,874.15,Paid,2023-12-01
2497,18,121.0,2023-12-31,Rent,874.15,Paid,2023-12-31
2498,18,121.0,2024-01-30,Rent,874.15,Paid,2024-01-30
2499,18,121.0,2024-02-29,Rent,874.15,Pending,2024-02-29
2500,18,121.0,2024-03-30,Rent,874.15,Paid,2024-03-30
2501,18,121.0,2024-04-29,Rent,874.15,Paid,2024-04-29
2502,18,121.0,2024-05-29,Rent,874.15,Paid,2024-05-29
2503,18,121.0,2024-06-28,Rent,874.15,Paid,2024-06-28
2504,18,121.0,2024-07-28,Rent,874.15,Paid,2024-07-28
2505,18,121.0,2024-08-27,Rent,874.15,Paid,2024-08-27
2506,18,121.0,2024-09-26,Rent,874.15,Paid,2024-09-26
2507,18,121.0,2024-10-26,Rent,874.15,Paid,2024-10-26
2508,18,121.0,2024-11-25,Rent,874.15,Paid,2024-11-25
2509,10,122.0,2023-02-15,Rent,650.1,Paid,2023-02-15
2510,10,122.0,2023-03-17,Rent,650.1,Paid,2023-03-17
2511,10,122.0,2023-04-16,Rent,650.1,Paid,2023-04-16
2512,10,122.0,2023-05-16,Rent,650.1,Paid,2023-05-16
2513,10,122.0,2023-06-15,Rent,650.1,Paid,2023-06-15
2514,10,122.0,2023-07-15,Rent,650.1,Paid,2023-07-15
2515,10,122.0,2023-08-14,Rent,650.1,Paid,2023-08-14
2516,10,122.0,2023-09-13,Rent,650.1,Paid,2023-09-13
2517,10,122.0,2023-10-13,Rent,650.1,Paid,2023-10-13
2518,10,122.0,2023-11-12,Rent,650.1,Paid,2023-11-12
2519,10,122.0,2023-12-12,Rent,650.1,Paid,2023-12-12
2520,10,122.0,2024-01-11,Rent,650.1,Paid,2024-01-11
2521,10,122.0,2024-02-10,Rent,650.1,Pending,2024-02-10
2522,10,122.0,2024-03-11,Rent,650.1,Paid,2024-03-11
2523,10,122.0,2024-04-10,Rent,650.1,Paid,2024-04-10
2524,10,122.0,2024-05-10,Rent,650.1,Paid,2024-05-10
2525,10,122.0,2024-06-09,Rent,650.1,Paid,2024-06-09
2526,10,122.0,2024-07-09,Rent,650.1,Paid,2024-07-09
2527,10,122.0,2024-08-08,Rent,650.1,Paid,2024-08-08
2528,10,122.0,2024-09-07,Rent,650.1,Paid,2024-09-07
2529,10,122.0,2024-10-07,Rent,650.1,Paid,2024-10-07
2530,10,122.0,2024-11-06,Rent,650.1,Paid,2024-11-06
2531,10,122.0,2024-12-06,Rent,650.1,Paid,2024-12-06
2532,9,123.0,2023-02-10,Rent,623.71,Paid,2023-02-10
2533,9,123.0,2023-03-12,Rent,623.71,Paid,2023-03-12
2534,9,123.0,2023-04-11,Rent,623.71,Paid,2023-04-11
2535,9,123.0,2023-05-11,Rent,623.71,Paid,2023-05-11
2536,9,123.0,2023-06-10,Rent,623.71,Paid,2023-06-10
2537,9,123.0,2023-07-10,Rent,623.71,Paid,2023-07-10
2538,9,123.0,2023-08-09,Rent,623.71,Paid,2023-08-09
2539,9,123.0,2023-09-08,Rent,623.71,Paid,2023-09-08
2540,9,123.0,2023-10-08,Rent,623.71,Paid,2023-10-08
2541,9,123.0,2023-11-07,Rent,623.71,Paid,2023-11-07
2542,9,123.0,2023-12-07,Rent,623.71,Paid,2023-12-07
2543,9,123.0,2024-01-06,Rent,623.71,Paid,2024-01-06
2544,9,123.0,2024-02-05,Rent,623.71,Paid,2024-02-05
2545,9,123.0,2024-03-06,Rent,623.71,Paid,2024-03-06
2546,9,123.0,2024-04-05,Rent,623.71,Paid,2024-04-05
2547,9,123.0,2024-05-05,Rent,623.71,Paid,2024-05-05
2548,9,123.0,2024-06-04,Rent,623.71,Paid,2024-06-04
2549,9,123.0,2024-07-04,Rent,623.71,Paid,2024-07-04
2550,9,123.0,2024-08-03,Rent,623.71,Paid,2024-08-03
2551,9,123.0,2024-09-02,Rent,623.71,Paid,2024-09-02
2552,9,123.0,2024-10-02,Rent,623.71,Paid,2024-10-02
2553,9,123.0,2024-11-01,Rent,623.71,Paid,2024-11-01
2554,9,123.0,2024-12-01,Rent,623.71,Paid,2024-12-01
2555,6,124.0,2022-12-14,Rent,1253.03,Paid,2022-12-14
2556,6,124.0,2023-01-13,Rent,1253.03,Paid,2023-01-13
2557,6,124.0,2023-02-12,Rent,1253.03,Paid,2023-02-12
2558,6,124.0,2023-03-14,Rent,1253.03,Paid,2023-03-14
2559,6,124.0,2023-04-13,Rent,1253.03,Paid,2023-04-13
2560,6,124.0,2023-05-13,Rent,1253.03,Paid,2023-05-13
2561,6,124.0,2023-06-12,Rent,1253.03,Paid,2023-06-12
2562,6,124.0,2023-07-12,Rent,1253.03,Paid,2023-07-12
2563,6,124.0,2023-08-11,Rent,1253.03,Paid,2023-08-11
2564,6,124.0,2023-09-10,Rent,1253.03,Paid,2023-09-10
2565,6,124.0,2023-10-10,Rent,1253.03,Paid,2023-10-10
2566,6,124.0,2023-11-09,Rent,1253.03,Paid,2023-11-09
2567,6,124.0,2023-12-09,Rent,1253.03,Paid,2023-12-09
2568,6,124.0,2024-01-08,Rent,1253.03,Paid,2024-01-08
2569,6,124.0,2024-02-07,Rent,1253.03,Paid,2024-02-07
2570,6,124.0,2024-03-08,Rent,1253.03,Paid,2024-03-08
2571,6,124.0,2024-04-07,Rent,1253.03,Paid,2024-04-07
2572,6,124.0,2024-05-07,Rent,1253.03,Paid,2024-05-07
2573,6,124.0,2024-06-06,Rent,1253.03,Paid,2024-06-06
2574,6,124.0,2024-07-06,Rent,1253.03,Paid,2024-07-06
2575,18,125.0,2022-06-22,Rent,1232.89,Pending,2022-06-22
2576,18,125.0,2022-07-22,Rent,1232.89,Paid,2022-07-22
2577,18,125.0,2022-08-21,Rent,1232.89,Paid,2022-08-21
2578,18,125.0,2022-09-20,Rent,1232.89,Paid,2022-09-20
2579,18,125.0,2022-10-20,Rent,1232.89,Paid,2022-10-20
2580,18,125.0,2022-11-19,Rent,1232.89,Paid,2022-11-19
2581,18,125.0,2022-12-19,Rent,1232.89,Paid,2022-12-19
2582,18,125.0,2023-01-18,Rent,1232.89,Paid,2023-01-18
2583,18,125.0,2023-02-17,Rent,1232.89,Paid,2023-02-17
2584,18,125.0,2023-03-19,Rent,1232.89,Paid,2023-03-19
2585,18,125.0,2023-04-18,Rent,1232.89,Paid,2023-04-18
2586,18,125.0,2023-05-18,Rent,1232.89,Paid,2023-05-18
2587,18,125.0,2023-06-17,Rent,1232.89,Paid,2023-06-17
2588,18,125.0,2023-07-17,Rent,1232.89,Paid,2023-07-17
2589,18,125.0,2023-08-16,Rent,1232.89,Paid,2023-08-16
2590,4,126.0,2023-10-11,Rent,724.89,Paid,2023-10-11
2591,4,126.0,2023-11-10,Rent,724.89,Pending,2023-11-10
2592,4,126.0,2023-12-10,Rent,724.89,Paid,2023-12-10
2593,4,126.0,2024-01-09,Rent,724.89,Paid,2024-01-09
2594,4,126.0,2024-02-08,Rent,724.89,Paid,2024-02-08
2595,4,126.0,2024-03-09,Rent,724.89,Paid,2024-03-09
2596,4,126.0,2024-04-08,Rent,724.89,Paid,2024-04-08
2597,4,126.0,2024-05-08,Rent,724.89,Paid,2024-05-08
2598,4,126.0,2024-06-07,Rent,724.89,Paid,2024-06-07
2599,4,126.0,2024-07-07,Rent,724.89,Paid,2024-07-07
2600,4,126.0,2024-08-06,Rent,724.89,Paid,2024-08-06
2601,4,126.0,2024-09-05,Rent,724.89,Paid,2024-09-05
2602,4,126.0,2024-10-05,Rent,724.89,Paid,2024-10-05
2603,4,126.0,2024-11-04,Rent,724.89,Paid,2024-11-04
2604,4,126.0,2024-12-04,Rent,724.89,Paid,2024-12-04
2605,3,127.0,2023-06-07,Rent,681.27,Paid,2023-06-07
2606,3,127.0,2023-07-07,Rent,681.27,Paid,2023-07-07
2607,3,127.0,2023-08-06,Rent,681.27,Paid,2023-08-06
2608,3,127.0,2023-09-05,Rent,681.27,Paid,2023-09-05
2609,3,127.0,2023-10-05,Rent,681.27,Paid,2023-10-05
2610,3,127.0,2023-11-04,Rent,681.27,Paid,2023-11-04
2611,3,127.0,2023-12-04,Rent,681.27,Paid,2023-12-04
2612,3,127.0,2024-01-03,Rent,681.27,Paid,2024-01-03
2613,3,127.0,2024-02-02,Rent,681.27,Paid,2024-02-02
2614,3,127.0,2024-03-03,Rent,681.27,Paid,2024-03-03
2615,3,127.0,2024-04-02,Rent,681.27,Pending,2024-04-02
2616,3,127.0,2024-05-02,Rent,681.27,Paid,2024-05-02
2617,3,127.0,2024-06-01,Rent,681.27,Pending,2024-06-01
2618,3,127.0,2024-07-01,Rent,681.27,Paid,2024-07-01
2619,3,127.0,2024-07-31,Rent,681.27,Paid,2024-07-31
2620,3,127.0,2024-08-30,Rent,681.27,Paid,2024-08-30
2621,3,127.0,2024-09-29,Rent,681.27,Paid,2024-09-29
2622,3,127.0,2024-10-29,Rent,681.27,Paid,2024-10-29
2623,3,127.0,2024-11-28,Rent,681.27,Paid,2024-11-28
2624,13,128.0,2022-12-24,Rent,674.7,Paid,2022-12-24
2625,13,128.0,2023-01-23,Rent,674.7,Paid,2023-01-23
2626,13,128.0,2023-02-22,Rent,674.7,Paid,2023-02-22
2627,13,128.0,2023-03-24,Rent,674.7,Paid,2023-03-24
2628,13,128.0,2023-04-23,Rent,674.7,Paid,2023-04-23
2629,13,128.0,2023-05-23,Rent,674.7,Paid,2023-05-23
2630,13,128.0,2023-06-22,Rent,674.7,Paid,2023-06-22
2631,13,128.0,2023-07-22,Rent,674.7,Paid,2023-07-22
2632,13,128.0,2023-08-21,Rent,674.7,Paid,2023-08-21
2633,13,128.0,2023-09-20,Rent,674.7,Paid,2023-09-20
2634,13,128.0,2023-10-20,Rent,674.7,Paid,2023-10-20
2635,13,128.0,2023-11-19,Rent,674.7,Paid,2023-11-19
2636,13,128.0,2023-12-19,Rent,674.7,Paid,2023-12-19
2637,13,128.0,2024-01-18,Rent,674.7,Paid,2024-01-18
2638,13,128.0,2024-02-17,Rent,674.7,Paid,2024-02-17
2639,13,128.0,2024-03-18,Rent,674.7,Paid,2024-03-18
2640,13,128.0,2024-04-17,Rent,674.7,Paid,2024-04-17
2641,13,128.0,2024-05-17,Rent,674.7,Paid,2024-05-17
2642,13,128.0,2024-06-16,Rent,674.7,Paid,2024-06-16
2643,13,128.0,2024-07-16,Rent,674.7,Paid,2024-07-16
2644,13,128.0,2024-08-15,Rent,674.7,Paid,2024-08-15
2645,13,128.0,2024-09-14,Rent,674.7,Paid,2024-09-14
2646,13,128.0,2024-10-14,Rent,674.7,Paid,2024-10-14
2647,13,128.0,2024-11-13,Rent,674.7,Paid,2024-11-13
2648,13,128.0,2024-12-13,Rent,674.7,Paid,2024-12-13
2649,11,129.0,2023-10-23,Rent,1719.4,Paid,2023-10-23
2650,11,129.0,2023-11-22,Rent,1719.4,Paid,2023-11-22
2651,11,129.0,2023-12-22,Rent,1719.4,Paid,2023-12-22
2652,11,129.0,2024-01-21,Rent,1719.4,Paid,2024-01-21
2653,11,129.0,2024-02-20,Rent,1719.4,Paid,2024-02-20
2654,11,129.0,2024-03-21,Rent,1719.4,Paid,2024-03-21
2655,11,129.0,2024-04-20,Rent,1719.4,Paid,2024-04-20
2656,11,129.0,2024-05-20,Rent,1719.4,Paid,2024-05-20
2657,11,129.0,2024-06-19,Rent,1719.4,Paid,2024-06-19
2658,11,129.0,2024-07-19,Rent,1719.4,Paid,2024-07-19
2659,11,129.0,2024-08-18,Rent,1719.4,Paid,2024-08-18
2660,11,129.0,2024-09-17,Rent,1719.4,Paid,2024-09-17
2661,11,129.0,2024-10-17,Rent,1719.4,Paid,2024-10-17
2662,11,129.0,2024-11-16,Rent,1719.4,Paid,2024-11-16
2663,11,129.0,2024-12-16,Rent,1719.4,Paid,2024-12-16
2664,11,130.0,2022-04-16,Rent,676.83,Paid,2022-04-16
2665,11,130.0,2022-05-16,Rent,676.83,Paid,2022-05-16
2666,11,130.0,2022-06-15,Rent,676.83,Paid,2022-06-15
2667,11,130.0,2022-07-15,Rent,676.83,Paid,2022-07-15
2668,11,130.0,2022-08-14,Rent,676.83,Paid,2022-08-14
2669,11,130.0,2022-09-13,Rent,676.83,Paid,2022-09-13
2670,11,130.0,2022-10-13,Rent,676.83,Paid,2022-10-13
2671,11,130.0,2022-11-12,Rent,676.83,Paid,2022-11-12
2672,11,130.0,2022-12-12,Rent,676.83,Paid,2022-12-12
2673,11,130.0,2023-01-11,Rent,676.83,Paid,2023-01-11
2674,11,130.0,2023-02-10,Rent,676.83,Paid,2023-02-10
2675,11,130.0,2023-03-12,Rent,676.83,Paid,2023-03-12
2676,11,130.0,2023-04-11,Rent,676.83,Pending,2023-04-11
2677,11,130.0,2023-05-11,Rent,676.83,Paid,2023-05-11
2678,11,130.0,2023-06-10,Rent,676.83,Paid,2023-06-10
2679,11,130.0,2023-07-10,Rent,676.83,Paid,2023-07-10
2680,11,130.0,2023-08-09,Rent,676.83,Paid,2023-08-09
2681,11,130.0,2023-09-08,Rent,676.83,Paid,2023-09-08
2682,9,131.0,2022-07-22,Rent,1234.15,Paid,2022-07-22
2683,9,131.0,2022-08-21,Rent,1234.15,Paid,2022-08-21
2684,9,131.0,2022-09-20,Rent,1234.15,Paid,2022-09-20
2685,9,131.0,2022-10-20,Rent,1234.15,Paid,2022-10-20
2686,9,131.0,2022-11-19,Rent,1234.15,Paid,2022-11-19
2687,9,131.0,2022-12-19,Rent,1234.15,Paid,2022-12-19
2688,9,131.0,2023-01-18,Rent,1234.15,Paid,2023-01-18
2689,9,131.0,2023-02-17,Rent,1234.15,Paid,2023-02-17
2690,9,131.0,2023-03-19,Rent,1234.15,Paid,2023-03-19
2691,9,131.0,2023-04-18,Rent,1234.15,Paid,2023-04-18
2692,9,131.0,2023-05-18,Rent,1234.15,Paid,2023-05-18
2693,9,131.0,2023-06-17,Rent,1234.15,Paid,2023-06-17
2694,9,131.0,2023-07-17,Rent,1234.15,Paid,2023-07-17
2695,9,131.0,2023-08-16,Rent,1234.15,Pending,2023-08-16
2696,9,131.0,2023-09-15,Rent,1234.15,Paid,2023-09-15
2697,9,131.0,2023-10-15,Rent,1234.15,Paid,2023-10-15
2698,9,131.0,2023-11-14,Rent,1234.15,Paid,2023-11-14
2699,9,131.0,2023-12-14,Rent,1234.15,Paid,2023-12-14
2700,9,131.0,2024-01-13,Rent,1234.15,Paid,2024-01-13
2701,2,132.0,2022-06-06,Rent,613.07,Paid,2022-06-06
2702,2,132.0,2022-07-06,Rent,613.07,Paid,2022-07-06
2703,2,132.0,2022-08-05,Rent,613.07,Paid,2022-08-05
2704,2,132.0,2022-09-04,Rent,613.07,Paid,2022-09-04
2705,2,132.0,2022-10-04,Rent,613.07,Paid,2022-10-04
2706,2,132.0,2022-11-03,Rent,613.07,Paid,2022-11-03
2707,2,132.0,2022-12-03,Rent,613.07,Paid,2022-12-03
2708,2,132.0,2023-01-02,Rent,613.07,Pending,2023-01-02
2709,2,132.0,2023-02-01,Rent,613.07,Paid,2023-02-01
2710,2,132.0,2023-03-03,Rent,613.07,Paid,2023-03-03
2711,2,132.0,2023-04-02,Rent,613.07,Paid,2023-04-02
2712,2,132.0,2023-05-02,Rent,613.07,Paid,2023-05-02
2713,2,132.0,2023-06-01,Rent,613.07,Paid,2023-06-01
2714,2,132.0,2023-07-01,Rent,613.07,Paid,2023-07-01
2715,2,132.0,2023-07-31,Rent,613.07,Paid,2023-07-31
2716,2,132.0,2023-08-30,Rent,613.07,Paid,2023-08-30
2717,2,132.0,2023-09-29,Rent,613.07,Paid,2023-09-29
2718,2,132.0,2023-10-29,Rent,613.07,Paid,2023-10-29
2719,2,132.0,2023-11-28,Rent,613.07,Paid,2023-11-28
2720,2,132.0,2023-12-28,Rent,613.07,Paid,2023-12-28
2721,2,132.0,2024-01-27,Rent,613.07,Paid,2024-01-27
2722,2,132.0,2024-02-26,Rent,613.07,Paid,2024-02-26
2723,2,132.0,2024-03-27,Rent,613.07,Paid,2024-03-27
2724,2,132.0,2024-04-26,Rent,613.07,Paid,2024-04-26
2725,2,132.0,2024-05-26,Rent,613.07,Paid,2024-05-26
2726,2,132.0,2024-06-25,Rent,613.07,Paid,2024-06-25
2727,2,132.0,2024-07-25,Rent,613.07,Paid,2024-07-25
2728,2,132.0,2024-08-24,Rent,613.07,Paid,2024-08-24
2729,2,132.0,2024-09-23,Rent,613.07,Paid,2024-09-23
2730,2,132.0,2024-10-23,Rent,613.07,Paid,2024-10-23
2731,2,132.0,2024-11-22,Rent,613.07,Paid,2024-11-22
2732,2,132.0,2024-12-22,Rent,613.07,Paid,2024-12-22
2733,10,133.0,2022-07-01,Rent,1093.9,Paid,2022-07-01
2734,10,133.0,2022-07-31,Rent,1093.9,Paid,2022-07-31
2735,10,133.0,2022-08-30,Rent,1093.9,Paid,2022-08-30
2736,10,133.0,2022-09-29,Rent,1093.9,Paid,2022-09-29
2737,10,133.0,2022-10-29,Rent,1093.9,Paid,2022-10-29
2738,10,133.0,2022-11-28,Rent,1093.9,Paid,2022-11-28
2739,10,133.0,2022-12-28,Rent,1093.9,Paid,2022-12-28
2740,10,133.0,2023-01-27,Rent,1093.9,Paid,2023-01-27
2741,10,133.0,2023-02-26,Rent,1093.9,Paid,2023-02-26
2742,10,133.0,2023-03-28,Rent,1093.9,Paid,2023-03-28
2743,10,133.0,2023-04-27,Rent,1093.9,Paid,2023-04-27
2744,10,133.0,2023-05-27,Rent,1093.9,Paid,2023-05-27
2745,10,133.0,2023-06-26,Rent,1093.9,Paid,2023-06-26
2746,10,133.0,2023-07-26,Rent,1093.9,Paid,2023-07-26
2747,10,133.0,2023-08-25,Rent,1093.9,Paid,2023-08-25
2748,10,133.0,2023-09-24,Rent,1093.9,Paid,2023-09-24
2749,10,133.0,2023-10-24,Rent,1093.9,Paid,2023-10-24
2750,10,133.0,2023-11-23,Rent,1093.9,Paid,2023-11-23
2751,10,133.0,2023-12-23,Rent,1093.9,Paid,2023-12-23
2752,10,133.0,2024-01-22,Rent,1093.9,Paid,2024-01-22
2753,10,133.0,2024-02-21,Rent,1093.9,Paid,2024-02-21
2754,10,133.0,2024-03-22,Rent,1093.9,Paid,2024-03-22
2755,10,133.0,2024-04-21,Rent,1093.9,Paid,2024-04-21
2756,10,133.0,2024-05-21,Rent,1093.9,Paid,2024-05-21
2757,10,133.0,2024-06-20,Rent,1093.9,Paid,2024-06-20
2758,10,133.0,2024-07-20,Rent,1093.9,Paid,2024-07-20
2759,10,133.0,2024-08-19,Rent,1093.9,Paid,2024-08-19
2760,10,133.0,2024-09-18,Rent,1093.9,Paid,2024-09-18
2761,10,133.0,2024-10-18,Rent,1093.9,Paid,2024-10-18
2762,10,133.0,2024-11-17,Rent,1093.9,Paid,2024-11-17
2763,10,133.0,2024-12-17,Rent,1093.9,Paid,2024-12-17
2764,2,134.0,2023-04-21,Rent,437.83,Paid,2023-04-21
2765,2,134.0,2023-05-21,Rent,437.83,Paid,2023-05-21
2766,2,134.0,2023-06-20,Rent,437.83,Paid,2023-06-20
2767,2,134.0,2023-07-20,Rent,437.83,Pending,2023-07-20
2768,2,134.0,2023-08-19,Rent,437.83,Paid,2023-08-19
2769,2,134.0,2023-09-18,Rent,437.83,Paid,2023-09-18
2770,2,134.0,2023-10-18,Rent,437.83,Paid,2023-10-18
2771,2,134.0,2023-11-17,Rent,437.83,Paid,2023-11-17
2772,2,134.0,2023-12-17,Rent,437.83,Paid,2023-12-17
2773,2,134.0,2024-01-16,Rent,437.83,Paid,2024-01-16
2774,2,134.0,2024-02-15,Rent,437.83,Paid,2024-02-15
2775,2,134.0,2024-03-16,Rent,437.83,Paid,2024-03-16
2776,2,134.0,2024-04-15,Rent,437.83,Paid,2024-04-15
2777,2,134.0,2024-05-15,Rent,437.83,Paid,2024-05-15
2778,2,134.0,2024-06-14,Rent,437.83,Paid,2024-06-14
2779,2,134.0,2024-07-14,Rent,437.83,Paid,2024-07-14
2780,2,134.0,2024-08-13,Rent,437.83,Paid,2024-08-13
2781,2,134.0,2024-09-12,Rent,437.83,Paid,2024-09-12
2782,2,134.0,2024-10-12,Rent,437.83,Paid,2024-10-12
2783,2,134.0,2024-11-11,Rent,437.83,Paid,2024-11-11
2784,2,134.0,2024-12-11,Rent,437.83,Paid,2024-12-11
2785,1,135.0,2023-08-17,Rent,908.03,Paid,2023-08-17
2786,1,135.0,2023-09-16,Rent,908.03,Pending,2023-09-16
2787,1,135.0,2023-10-16,Rent,908.03,Paid,2023-10-16
2788,1,135.0,2023-11-15,Rent,908.03,Paid,2023-11-15
2789,1,135.0,2023-12-15,Rent,908.03,Paid,2023-12-15
2790,1,135.0,2024-01-14,Rent,908.03,Paid,2024-01-14
2791,1,135.0,2024-02-13,Rent,908.03,Paid,2024-02-13
2792,1,135.0,2024-03-14,Rent,908.03,Paid,2024-03-14
2793,1,135.0,2024-04-13,Rent,908.03,Paid,2024-04-13
2794,1,135.0,2024-05-13,Rent,908.03,Pending,2024-05-13
2795,1,135.0,2024-06-12,Rent,908.03,Paid,2024-06-12
2796,1,135.0,2024-07-12,Rent,908.03,Paid,2024-07-12
2797,1,135.0,2024-08-11,Rent,908.03,Paid,2024-08-11
2798,1,135.0,2024-09-10,Rent,908.03,Paid,2024-09-10
2799,1,135.0,2024-10-10,Rent,908.03,Paid,2024-10-10
2800,1,135.0,2024-11-09,Rent,908.03,Paid,2024-11-09
2801,1,135.0,2024-12-09,Rent,908.03,Paid,2024-12-09
2802,9,136.0,2023-08-02,Rent,640.02,Paid,2023-08-02
2803,9,136.0,2023-09-01,Rent,640.02,Paid,2023-09-01
2804,9,136.0,2023-10-01,Rent,640.02,Paid,2023-10-01
2805,9,136.0,2023-10-31,Rent,640.02,Paid,2023-10-31
2806,9,136.0,2023-11-30,Rent,640.02,Paid,2023-11-30
2807,9,136.0,2023-12-30,Rent,640.02,Paid,2023-12-30
2808,9,136.0,2024-01-29,Rent,640.02,Paid,2024-01-29
2809,9,136.0,2024-02-28,Rent,640.02,Paid,2024-02-28
2810,9,136.0,2024-03-29,Rent,640.02,Paid,2024-03-29
2811,9,136.0,2024-04-28,Rent,640.02,Paid,2024-04-28
2812,9,136.0,2024-05-28,Rent,640.02,Paid,2024-05-28
2813,9,136.0,2024-06-27,Rent,640.02,Paid,2024-06-27
2814,9,136.0,2024-07-27,Rent,640.02,Paid,2024-07-27
2815,9,136.0,2024-08-26,Rent,640.02,Paid,2024-08-26
2816,9,136.0,2024-09-25,Rent,640.02,Paid,2024-09-25
2817,9,136.0,2024-10-25,Rent,640.02,Paid,2024-10-25
2818,9,136.0,2024-11-24,Rent,640.02,Paid,2024-11-24
2819,9,136.0,2024-12-24,Rent,640.02,Paid,2024-12-24
2820,5,137.0,2023-10-02,Rent,1090.19,Paid,2023-10-02
2821,5,137.0,2023-11-01,Rent,1090.19,Paid,2023-11-01
2822,5,137.0,2023-12-01,Rent,1090.19,Paid,2023-12-01
2823,5,137.0,2023-12-31,Rent,1090.19,Paid,2023-12-31
2824,5,137.0,2024-01-30,Rent,1090.19,Pending,2024-01-30
2825,5,137.0,2024-02-29,Rent,1090.19,Paid,2024-02-29
2826,5,137.0,2024-03-30,Rent,1090.19,Paid,2024-03-30
2827,5,137.0,2024-04-29,Rent,1090.19,Paid,2024-04-29
2828,5,137.0,2024-05-29,Rent,1090.19,Paid,2024-05-29
2829,5,137.0,2024-06-28,Rent,1090.19,Paid,2024-06-28
2830,5,137.0,2024-07-28,Rent,1090.19,Paid,2024-07-28
2831,5,137.0,2024-08-27,Rent,1090.19,Paid,2024-08-27
2832,5,137.0,2024-09-26,Rent,1090.19,Paid,2024-09-26
2833,5,137.0,2024-10-26,Rent,1090.19,Paid,2024-10-26
2834,5,137.0,2024-11-25,Rent,1090.19,Pending,2024-11-25
2835,5,137.0,2024-12-25,Rent,1090.19,Paid,2024-12-25
2836,13,138.0,2022-11-20,Rent,784.69,Paid,2022-11-20
2837,13,138.0,2022-12-20,Rent,784.69,Paid,2022-12-20
2838,13,138.0,2023-01-19,Rent,784.69,Paid,2023-01-19
2839,13,138.0,2023-02-18,Rent,784.69,Paid,2023-02-18
2840,13,138.0,2023-03-20,Rent,784.69,Paid,2023-03-20
2841,13,138.0,2023-04-19,Rent,784.69,Paid,2023-04-19
2842,13,138.0,2023-05-19,Rent,784.69,Paid,2023-05-19
2843,13,138.0,2023-06-18,Rent,784.69,Paid,2023-06-18
2844,13,138.0,2023-07-18,Rent,784.69,Paid,2023-07-18
2845,13,138.0,2023-08-17,Rent,784.69,Paid,2023-08-17
2846,13,138.0,2023-09-16,Rent,784.69,Paid,2023-09-16
2847,13,138.0,2023-10-16,Rent,784.69,Paid,2023-10-16
2848,13,138.0,2023-11-15,Rent,784.69,Paid,2023-11-15
2849,13,138.0,2023-12-15,Rent,784.69,Paid,2023-12-15
2850,13,138.0,2024-01-14,Rent,784.69,Paid,2024-01-14
2851,13,138.0,2024-02-13,Rent,784.69,Paid,2024-02-13
2852,13,138.0,2024-03-14,Rent,784.69,Paid,2024-03-14
2853,13,138.0,2024-04-13,Rent,784.69,Paid,2024-04-13
2854,16,139.0,2022-03-11,Rent,1397.49,Paid,2022-03-11
2855,16,139.0,2022-04-10,Rent,1397.49,Paid,2022-04-10
2856,16,139.0,2022-05-10,Rent,1397.49,Paid,2022-05-10
2857,16,139.0,2022-06-09,Rent,1397.49,Paid,2022-06-09
2858,16,139.0,2022-07-09,Rent,1397.49,Paid,2022-07-09
2859,16,139.0,2022-08-08,Rent,1397.49,Paid,2022-08-08
2860,16,139.0,2022-09-07,Rent,1397.49,Paid,2022-09-07
2861,16,139.0,2022-10-07,Rent,1397.49,Paid,2022-10-07
2862,16,139.0,2022-11-06,Rent,1397.49,Paid,2022-11-06
2863,16,139.0,2022-12-06,Rent,1397.49,Paid,2022-12-06
2864,16,139.0,2023-01-05,Rent,1397.49,Paid,2023-01-05
2865,16,139.0,2023-02-04,Rent,1397.49,Paid,2023-02-04
2866,16,139.0,2023-03-06,Rent,1397.49,Paid,2023-03-06
2867,16,139.0,2023-04-05,Rent,1397.49,Paid,2023-04-05
2868,16,139.0,2023-05-05,Rent,1397.49,Paid,2023-05-05
2869,16,139.0,2023-06-04,Rent,1397.49,Paid,2023-06-04
2870,16,139.0,2023-07-04,Rent,1397.49,Paid,2023-07-04
2871,16,139.0,2023-08-03,Rent,1397.49,Paid,2023-08-03
2872,16,139.0,2023-09-02,Rent,1397.49,Paid,2023-09-02
2873,16,139.0,2023-10-02,Rent,1397.49,Paid,2023-10-02
2874,16,139.0,2023-11-01,Rent,1397.49,Paid,2023-11-01
2875,16,139.0,2023-12-01,Rent,1397.49,Paid,2023-12-01
2876,16,139.0,2023-12-31,Rent,1397.49,Paid,2023-12-31
2877,16,139.0,2024-01-30,Rent,1397.49,Paid,2024-01-30
2878,16,139.0,2024-02-29,Rent,1397.49,Paid,2024-02-29
2879,16,139.0,2024-03-30,Rent,1397.49,Paid,2024-03-30
2880,16,139.0,2024-04-29,Rent,1397.49,Paid,2024-04-29
2881,16,139.0,2024-05-29,Rent,1397.49,Paid,2024-05-29
2882,16,139.0,2024-06-28,Rent,1397.49,Paid,2024-06-28
2883,19,140.0,2023-10-09,Rent,474.99,Paid,2023-10-09
2884,19,140.0,2023-11-08,Rent,474.99,Paid,2023-11-08
2885,19,140.0,2023-12-08,Rent,474.99,Paid,2023-12-08
2886,19,140.0,2024-01-07,Rent,474.99,Paid,2024-01-07
2887,19,140.0,2024-02-06,Rent,474.99,Paid,2024-02-06
2888,19,140.0,2024-03-07,Rent,474.99,Paid,2024-03-07
2889,19,140.0,2024-04-06,Rent,474.99,Paid,2024-04-06
2890,19,140.0,2024-05-06,Rent,474.99,Paid,2024-05-06
2891,19,140.0,2024-06-05,Rent,474.99,Paid,2024-06-05
2892,19,140.0,2024-07-05,Rent,474.99,Paid,2024-07-05
2893,19,140.0,2024-08-04,Rent,474.99,Paid,2024-08-04
2894,19,140.0,2024-09-03,Rent,474.99,Paid,2024-09-03
2895,19,140.0,2024-10-03,Rent,474.99,Paid,2024-10-03
2896,19,140.0,2024-11-02,Rent,474.99,Paid,2024-11-02
2897,19,140.0,2024-12-02,Rent,474.99,Paid,2024-12-02
2898,13,141.0,2023-08-29,Rent,772.94,Paid,2023-08-29
2899,13,141.0,2023-09-28,Rent,772.94,Paid,2023-09-28
2900,13,141.0,2023-10-28,Rent,772.94,Paid,2023-10-28
2901,13,141.0,2023-11-27,Rent,772.94,Paid,2023-11-27
2902,13,141.0,2023-12-27,Rent,772.94,Paid,2023-12-27
2903,13,141.0,2024-01-26,Rent,772.94,Paid,2024-01-26
2904,13,141.0,2024-02-25,Rent,772.94,Paid,2024-02-25
2905,13,141.0,2024-03-26,Rent,772.94,Paid,2024-03-26
2906,13,141.0,2024-04-25,Rent,772.94,Paid,2024-04-25
2907,13,141.0,2024-05-25,Rent,772.94,Paid,2024-05-25
2908,13,141.0,2024-06-24,Rent,772.94,Paid,2024-06-24
2909,13,141.0,2024-07-24,Rent,772.94,Paid,2024-07-24
2910,13,141.0,2024-08-23,Rent,772.94,Paid,2024-08-23
2911,13,141.0,2024-09-22,Rent,772.94,Pending,2024-09-22
2912,13,141.0,2024-10-22,Rent,772.94,Paid,2024-10-22
2913,3,142.0,2023-06-04,Rent,1759.01,Paid,2023-06-04
2914,3,142.0,2023-07-04,Rent,1759.01,Paid,2023-07-04
2915,3,142.0,2023-08-03,Rent,1759.01,Paid,2023-08-03
2916,3,142.0,2023-09-02,Rent,1759.01,Paid,2023-09-02
2917,3,142.0,2023-10-02,Rent,1759.01,Paid,2023-10-02
2918,3,142.0,2023-11-01,Rent,1759.01,Paid,2023-11-01
2919,3,142.0,2023-12-01,Rent,1759.01,Paid,2023-12-01
2920,3,142.0,2023-12-31,Rent,1759.01,Paid,2023-12-31
2921,3,142.0,2024-01-30,Rent,1759.01,Paid,2024-01-30
2922,3,142.0,2024-02-29,Rent,1759.01,Paid,2024-02-29
2923,3,142.0,2024-03-30,Rent,1759.01,Paid,2024-03-30
2924,3,142.0,2024-04-29,Rent,1759.01,Paid,2024-04-29
2925,3,142.0,2024-05-29,Rent,1759.01,Paid,2024-05-29
2926,3,142.0,2024-06-28,Rent,1759.01,Paid,2024-06-28
2927,3,142.0,2024-07-28,Rent,1759.01,Paid,2024-07-28
2928,7,143.0,2023-04-18,Rent,728.37,Paid,2023-04-18
2929,7,143.0,2023-05-18,Rent,728.37,Paid,2023-05-18
2930,7,143.0,2023-06-17,Rent,728.37,Paid,2023-06-17
2931,7,143.0,2023-07-17,Rent,728.37,Paid,2023-07-17
2932,7,143.0,2023-08-16,Rent,728.37,Paid,2023-08-16
2933,7,143.0,2023-09-15,Rent,728.37,Paid,2023-09-15
2934,7,143.0,2023-10-15,Rent,728.37,Paid,2023-10-15
2935,7,143.0,2023-11-14,Rent,728.37,Paid,2023-11-14
2936,7,143.0,2023-12-14,Rent,728.37,Pending,2023-12-14
2937,7,143.0,2024-01-13,Rent,728.37,Paid,2024-01-13
2938,7,143.0,2024-02-12,Rent,728.37,Paid,2024-02-12
2939,7,143.0,2024-03-13,Rent,728.37,Paid,2024-03-13
2940,7,143.0,2024-04-12,Rent,728.37,Paid,2024-04-12
2941,7,143.0,2024-05-12,Rent,728.37,Paid,2024-05-12
2942,7,143.0,2024-06-11,Rent,728.37,Paid,2024-06-11
2943,7,143.0,2024-07-11,Rent,728.37,Paid,2024-07-11
2944,7,143.0,2024-08-10,Rent,728.37,Paid,2024-08-10
2945,7,143.0,2024-09-09,Rent,728.37,Paid,2024-09-09
2946,7,143.0,2024-10-09,Rent,728.37,Paid,2024-10-09
2947,7,143.0,2024-11-08,Rent,728.37,Paid,2024-11-08
2948,7,143.0,2024-12-08,Rent,728.37,Paid,2024-12-08
2949,9,144.0,2022-02-28,Rent,481.12,Paid,2022-02-28
2950,9,144.0,2022-03-30,Rent,481.12,Paid,2022-03-30
2951,9,144.0,2022-04-29,Rent,481.12,Paid,2022-04-29
2952,9,144.0,2022-05-29,Rent,481.12,Paid,2022-05-29
2953,9,144.0,2022-06-28,Rent,481.12,Paid,2022-06-28
2954,9,144.0,2022-07-28,Rent,481.12,Paid,2022-07-28
2955,9,144.0,2022-08-27,Rent,481.12,Paid,2022-08-27
2956,9,144.0,2022-09-26,Rent,481.12,Paid,2022-09-26
2957,9,144.0,2022-10-26,Rent,481.12,Paid,2022-10-26
2958,9,144.0,2022-11-25,Rent,481.12,Paid,2022-11-25
2959,9,144.0,2022-12-25,Rent,481.12,Paid,2022-12-25
2960,9,144.0,2023-01-24,Rent,481.12,Paid,2023-01-24
2961,9,144.0,2023-02-23,Rent,481.12,Paid,2023-02-23
2962,9,144.0,2023-03-25,Rent,481.12,Paid,2023-03-25
2963,9,144.0,2023-04-24,Rent,481.12,Paid,2023-04-24
2964,9,144.0,2023-05-24,Rent,481.12,Paid,2023-05-24
2965,9,144.0,2023-06-23,Rent,481.12,Paid,2023-06-23
2966,9,144.0,2023-07-23,Rent,481.12,Paid,2023-07-23
2967,9,144.0,2023-08-22,Rent,481.12,Paid,2023-08-22
2968,9,144.0,2023-09-21,Rent,481.12,Paid,2023-09-21
2969,9,144.0,2023-10-21,Rent,481.12,Paid,2023-10-21
2970,9,144.0,2023-11-20,Rent,481.12,Paid,2023-11-20
2971,9,144.0,2023-12-20,Rent,481.12,Paid,2023-12-20
2972,9,144.0,2024-01-19,Rent,481.12,Paid,2024-01-19
2973,9,144.0,2024-02-18,Rent,481.12,Paid,2024-02-18
2974,7,145.0,2022-03-20,Rent,782.74,Paid,2022-03-20
2975,7,145.0,2022-04-19,Rent,782.74,Paid,2022-04-19
2976,7,145.0,2022-05-19,Rent,782.74,Paid,2022-05-19
2977,7,145.0,2022-06-18,Rent,782.74,Paid,2022-06-18
2978,7,145.0,2022-07-18,Rent,782.74,Paid,2022-07-18
2979,7,145.0,2022-08-17,Rent,782.74,Paid,2022-08-17
2980,7,145.0,2022-09-16,Rent,782.74,Pending,2022-09-16
2981,7,145.0,2022-10-16,Rent,782.74,Paid,2022-10-16
2982,7,145.0,2022-11-15,Rent,782.74,Paid,2022-11-15
2983,7,145.0,2022-12-15,Rent,782.74,Paid,2022-12-15
2984,7,145.0,2023-01-14,Rent,782.74,Paid,2023-01-14
2985,7,145.0,2023-02-13,Rent,782.74,Pending,2023-02-13
2986,7,145.0,2023-03-15,Rent,782.74,Paid,2023-03-15
2987,7,145.0,2023-04-14,Rent,782.74,Pending,2023-04-14
2988,7,145.0,2023-05-14,Rent,782.74,Paid,2023-05-14
2989,7,145.0,2023-06-13,Rent,782.74,Paid,2023-06-13
2990,7,145.0,2023-07-13,Rent,782.74,Paid,2023-07-13
2991,7,145.0,2023-08-12,Rent,782.74,Paid,2023-08-12
2992,7,145.0,2023-09-11,Rent,782.74,Paid,2023-09-11
2993,7,145.0,2023-10-11,Rent,782.74,Paid,2023-10-11
2994,7,145.0,2023-11-10,Rent,782.74,Pending,2023-11-10
2995,7,145.0,2023-12-10,Rent,782.74,Paid,2023-12-10
2996,7,145.0,2024-01-09,Rent,782.74,Paid,2024-01-09
2997,7,145.0,2024-02-08,Rent,782.74,Paid,2024-02-08
2998,7,145.0,2024-03-09,Rent,782.74,Paid,2024-03-09
2999,7,145.0,2024-04-08,Rent,782.74,Paid,2024-04-08
3000,7,145.0,2024-05-08,Rent,782.74,Paid,2024-05-08
3001,7,145.0,2024-06-07,Rent,782.74,Paid,2024-06-07
3002,7,145.0,2024-07-07,Rent,782.74,Paid,2024-07-07
3003,7,145.0,2024-08-06,Rent,782.74,Paid,2024-08-06
3004,7,145.0,2024-09-05,Rent,782.74,Paid,2024-09-05
3005,7,145.0,2024-10-05,Rent,782.74,Pending,2024-10-05
3006,7,145.0,2024-11-04,Rent,782.74,Paid,2024-11-04
3007,7,145.0,2024-12-04,Rent,782.74,Paid,2024-12-04
3008,2,146.0,2023-09-22,Rent,1051.67,Paid,2023-09-22
3009,2,146.0,2023-10-22,Rent,1051.67,Paid,2023-10-22
3010,2,146.0,2023-11-21,Rent,1051.67,Paid,2023-11-21
3011,2,146.0,2023-12-21,Rent,1051.67,Paid,2023-12-21
3012,2,146.0,2024-01-20,Rent,1051.67,Paid,2024-01-20
3013,2,146.0,2024-02-19,Rent,1051.67,Paid,2024-02-19
3014,2,146.0,2024-03-20,Rent,1051.67,Paid,2024-03-20
3015,2,146.0,2024-04-19,Rent,1051.67,Paid,2024-04-19
3016,2,146.0,2024-05-19,Rent,1051.67,Paid,2024-05-19
3017,2,146.0,2024-06-18,Rent,1051.67,Paid,2024-06-18
3018,2,146.0,2024-07-18,Rent,1051.67,Paid,2024-07-18
3019,2,146.0,2024-08-17,Rent,1051.67,Paid,2024-08-17
3020,2,146.0,2024-09-16,Rent,1051.67,Paid,2024-09-16
3021,2,146.0,2024-10-16,Rent,1051.67,Paid,2024-10-16
3022,2,146.0,2024-11-15,Rent,1051.67,Paid,2024-11-15
3023,2,146.0,2024-12-15,Rent,1051.67,Paid,2024-12-15
3024,20,147.0,2023-01-29,Rent,895.86,Paid,2023-01-29
3025,20,147.0,2023-02-28,Rent,895.86,Paid,2023-02-28
3026,20,147.0,2023-03-30,Rent,895.86,Paid,2023-03-30
3027,20,147.0,2023-04-29,Rent,895.86,Paid,2023-04-29
3028,20,147.0,2023-05-29,Rent,895.86,Paid,2023-05-29
3029,20,147.0,2023-06-28,Rent,895.86,Paid,2023-06-28
3030,20,147.0,2023-07-28,Rent,895.86,Paid,2023-07-28
3031,20,147.0,2023-08-27,Rent,895.86,Paid,2023-08-27
3032,20,147.0,2023-09-26,Rent,895.86,Paid,2023-09-26
3033,20,147.0,2023-10-26,Rent,895.86,Pending,2023-10-26
3034,20,147.0,2023-11-25,Rent,895.86,Paid,2023-11-25
3035,20,147.0,2023-12-25,Rent,895.86,Paid,2023-12-25
3036,20,147.0,2024-01-24,Rent,895.86,Paid,2024-01-24
3037,20,147.0,2024-02-23,Rent,895.86,Paid,2024-02-23
3038,20,147.0,2024-03-24,Rent,895.86,Paid,2024-03-24
3039,20,147.0,2024-04-23,Rent,895.86,Paid,2024-04-23
3040,20,147.0,2024-05-23,Rent,895.86,Paid,2024-05-23
3041,20,147.0,2024-06-22,Rent,895.86,Paid,2024-06-22
3042,20,147.0,2024-07-22,Rent,895.86,Paid,2024-07-22
3043,20,147.0,2024-08-21,Rent,895.86,Paid,2024-08-21
3044,20,147.0,2024-09-20,Rent,895.86,Paid,2024-09-20
3045,20,147.0,2024-10-20,Rent,895.86,Paid,2024-10-20
3046,20,147.0,2024-11-19,Rent,895.86,Paid,2024-11-19
3047,20,147.0,2024-12-19,Rent,895.86,Paid,2024-12-19
3048,16,148.0,2023-07-22,Rent,1090.73,Paid,2023-07-22
3049,16,148.0,2023-08-21,Rent,1090.73,Paid,2023-08-21
3050,16,148.0,2023-09-20,Rent,1090.73,Paid,2023-09-20
3051,16,148.0,2023-10-20,Rent,1090.73,Paid,2023-10-20
3052,16,148.0,2023-11-19,Rent,1090.73,Paid,2023-11-19
3053,16,148.0,2023-12-19,Rent,1090.73,Paid,2023-12-19
3054,16,148.0,2024-01-18,Rent,1090.73,Paid,2024-01-18
3055,16,148.0,2024-02-17,Rent,1090.73,Paid,2024-02-17
3056,16,148.0,2024-03-18,Rent,1090.73,Paid,2024-03-18
3057,16,148.0,2024-04-17,Rent,1090.73,Paid,2024-04-17
3058,16,148.0,2024-05-17,Rent,1090.73,Paid,2024-05-17
3059,16,148.0,2024-06-16,Rent,1090.73,Paid,2024-06-16
3060,16,148.0,2024-07-16,Rent,1090.73,Paid,2024-07-16
3061,16,148.0,2024-08-15,Rent,1090.73,Paid,2024-08-15
3062,14,149.0,2023-08-09,Rent,642.05,Pending,2023-08-09
3063,14,149.0,2023-09-08,Rent,642.05,Paid,2023-09-08
3064,14,149.0,2023-10-08,Rent,642.05,Paid,2023-10-08
3065,14,149.0,2023-11-07,Rent,642.05,Paid,2023-11-07
3066,14,149.0,2023-12-07,Rent,642.05,Pending,2023-12-07
3067,14,149.0,2024-01-06,Rent,642.05,Paid,2024-01-06
3068,14,149.0,2024-02-05,Rent,642.05,Paid,2024-02-05
3069,14,149.0,2024-03-06,Rent,642.05,Paid,2024-03-06
3070,14,149.0,2024-04-05,Rent,642.05,Paid,2024-04-05
3071,14,149.0,2024-05-05,Rent,642.05,Paid,2024-05-05
3072,14,149.0,2024-06-04,Rent,642.05,Paid,2024-06-04
3073,14,149.0,2024-07-04,Rent,642.05,Paid,2024-07-04
3074,14,149.0,2024-08-03,Rent,642.05,Paid,2024-08-03
3075,14,149.0,2024-09-02,Rent,642.05,Paid,2024-09-02
3076,14,149.0,2024-10-02,Rent,642.05,Paid,2024-10-02
3077,14,149.0,2024-11-01,Rent,642.05,Paid,2024-11-01
3078,14,149.0,2024-12-01,Rent,642.05,Paid,2024-12-01
3079,14,149.0,2024-12-31,Rent,642.05,Paid,2024-12-31
3080,10,150.0,2022-11-26,Rent,783.95,Paid,2022-11-26
3081,10,150.0,2022-12-26,Rent,783.95,Paid,2022-12-26
3082,10,150.0,2023-01-25,Rent,783.95,Paid,2023-01-25
3083,10,150.0,2023-02-24,Rent,783.95,Paid,2023-02-24
3084,10,150.0,2023-03-26,Rent,783.95,Paid,2023-03-26
3085,10,150.0,2023-04-25,Rent,783.95,Paid,2023-04-25
3086,10,150.0,2023-05-25,Rent,783.95,Paid,2023-05-25
3087,10,150.0,2023-06-24,Rent,783.95,Paid,2023-06-24
3088,10,150.0,2023-07-24,Rent,783.95,Paid,2023-07-24
3089,10,150.0,2023-08-23,Rent,783.95,Paid,2023-08-23
3090,10,150.0,2023-09-22,Rent,783.95,Paid,2023-09-22
3091,10,150.0,2023-10-22,Rent,783.95,Paid,2023-10-22
3092,10,150.0,2023-11-21,Rent,783.95,Paid,2023-11-21
3093,10,150.0,2023-12-21,Rent,783.95,Paid,2023-12-21
3094,10,150.0,2024-01-20,Rent,783.95,Paid,2024-01-20
3095,10,150.0,2024-02-19,Rent,783.95,Paid,2024-02-19
3096,10,150.0,2024-03-20,Rent,783.95,Paid,2024-03-20
3097,10,150.0,2024-04-19,Rent,783.95,Paid,2024-04-19
3098,10,150.0,2024-05-19,Rent,783.95,Paid,2024-05-19
3099,10,150.0,2024-06-18,Rent,783.95,Paid,2024-06-18
3100,10,150.0,2024-07-18,Rent,783.95,Paid,2024-07-18
3101,10,150.0,2024-08-17,Rent,783.95,Paid,2024-08-17
3102,10,150.0,2024-09-16,Rent,783.95,Paid,2024-09-16
3103,10,150.0,2024-10-16,Rent,783.95,Paid,2024-10-16
3104,10,150.0,2024-11-15,Rent,783.95,Pending,2024-11-15
3105,10,150.0,2024-12-15,Rent,783.95,Paid,2024-12-15
3106,20,151.0,2023-05-29,Rent,1491.02,Paid,2023-05-29
3107,20,151.0,2023-06-28,Rent,1491.02,Pending,2023-06-28
3108,20,151.0,2023-07-28,Rent,1491.02,Paid,2023-07-28
3109,20,151.0,2023-08-27,Rent,1491.02,Paid,2023-08-27
3110,20,151.0,2023-09-26,Rent,1491.02,Pending,2023-09-26
3111,20,151.0,2023-10-26,Rent,1491.02,Paid,2023-10-26
3112,20,151.0,2023-11-25,Rent,1491.02,Paid,2023-11-25
3113,20,151.0,2023-12-25,Rent,1491.02,Paid,2023-12-25
3114,20,151.0,2024-01-24,Rent,1491.02,Paid,2024-01-24
3115,20,151.0,2024-02-23,Rent,1491.02,Paid,2024-02-23
3116,20,151.0,2024-03-24,Rent,1491.02,Pending,2024-03-24
3117,20,151.0,2024-04-23,Rent,1491.02,Paid,2024-04-23
3118,20,151.0,2024-05-23,Rent,1491.02,Paid,2024-05-23
3119,20,151.0,2024-06-22,Rent,1491.02,Pending,2024-06-22
3120,20,151.0,2024-07-22,Rent,1491.02,Paid,2024-07-22
3121,20,151.0,2024-08-21,Rent,1491.02,Paid,2024-08-21
3122,20,151.0,2024-09-20,Rent,1491.02,Paid,2024-09-20
3123,20,151.0,2024-10-20,Rent,1491.02,Paid,2024-10-20
3124,16,152.0,2023-04-07,Rent,1198.0,Paid,2023-04-07
3125,16,152.0,2023-05-07,Rent,1198.0,Paid,2023-05-07
3126,16,152.0,2023-06-06,Rent,1198.0,Paid,2023-06-06
3127,16,152.0,2023-07-06,Rent,1198.0,Paid,2023-07-06
3128,16,152.0,2023-08-05,Rent,1198.0,Paid,2023-08-05
3129,16,152.0,2023-09-04,Rent,1198.0,Paid,2023-09-04
3130,16,152.0,2023-10-04,Rent,1198.0,Paid,2023-10-04
3131,16,152.0,2023-11-03,Rent,1198.0,Paid,2023-11-03
3132,16,152.0,2023-12-03,Rent,1198.0,Paid,2023-12-03
3133,16,152.0,2024-01-02,Rent,1198.0,Paid,2024-01-02
3134,16,152.0,2024-02-01,Rent,1198.0,Paid,2024-02-01
3135,16,152.0,2024-03-02,Rent,1198.0,Paid,2024-03-02
3136,16,152.0,2024-04-01,Rent,1198.0,Paid,2024-04-01
3137,16,152.0,2024-05-01,Rent,1198.0,Paid,2024-05-01
3138,16,152.0,2024-05-31,Rent,1198.0,Paid,2024-05-31
3139,16,152.0,2024-06-30,Rent,1198.0,Paid,2024-06-30
3140,19,153.0,2022-03-28,Rent,1153.91,Paid,2022-03-28
3141,19,153.0,2022-04-27,Rent,1153.91,Paid,2022-04-27
3142,19,153.0,2022-05-27,Rent,1153.91,Paid,2022-05-27
3143,19,153.0,2022-06-26,Rent,1153.91,Paid,2022-06-26
3144,19,153.0,2022-07-26,Rent,1153.91,Paid,2022-07-26
3145,19,153.0,2022-08-25,Rent,1153.91,Paid,2022-08-25
3146,19,153.0,2022-09-24,Rent,1153.91,Paid,2022-09-24
3147,19,153.0,2022-10-24,Rent,1153.91,Paid,2022-10-24
3148,19,153.0,2022-11-23,Rent,1153.91,Paid,2022-11-23
3149,19,153.0,2022-12-23,Rent,1153.91,Paid,2022-12-23
3150,19,153.0,2023-01-22,Rent,1153.91,Paid,2023-01-22
3151,19,153.0,2023-02-21,Rent,1153.91,Paid,2023-02-21
3152,19,153.0,2023-03-23,Rent,1153.91,Paid,2023-03-23
3153,19,153.0,2023-04-22,Rent,1153.91,Paid,2023-04-22
3154,19,153.0,2023-05-22,Rent,1153.91,Paid,2023-05-22
3155,19,153.0,2023-06-21,Rent,1153.91,Paid,2023-06-21
3156,19,153.0,2023-07-21,Rent,1153.91,Paid,2023-07-21
3157,19,153.0,2023-08-20,Rent,1153.91,Paid,2023-08-20
3158,19,153.0,2023-09-19,Rent,1153.91,Paid,2023-09-19
3159,19,153.0,2023-10-19,Rent,1153.91,Paid,2023-10-19
3160,19,153.0,2023-11-18,Rent,1153.91,Paid,2023-11-18
3161,19,153.0,2023-12-18,Rent,1153.91,Paid,2023-12-18
3162,19,153.0,2024-01-17,Rent,1153.91,Paid,2024-01-17
3163,19,153.0,2024-02-16,Rent,1153.91,Paid,2024-02-16
3164,19,153.0,2024-03-17,Rent,1153.91,Paid,2024-03-17
3165,19,153.0,2024-04-16,Rent,1153.91,Paid,2024-04-16
3166,19,153.0,2024-05-16,Rent,1153.91,Paid,2024-05-16
3167,19,153.0,2024-06-15,Rent,1153.91,Paid,2024-06-15
3168,19,153.0,2024-07-15,Rent,1153.91,Paid,2024-07-15
3169,19,153.0,2024-08-14,Rent,1153.91,Paid,2024-08-14
3170,3,154.0,2022-03-22,Rent,875.52,Paid,2022-03-22
3171,3,154.0,2022-04-21,Rent,875.52,Paid,2022-04-21
3172,3,154.0,2022-05-21,Rent,875.52,Paid,2022-05-21
3173,3,154.0,2022-06-20,Rent,875.52,Paid,2022-06-20
3174,3,154.0,2022-07-20,Rent,875.52,Paid,2022-07-20
3175,3,154.0,2022-08-19,Rent,875.52,Paid,2022-08-19
3176,3,155.0,2024-06-15,Rent,890.69,Paid,2024-06-15
3177,3,155.0,2024-07-15,Rent,890.69,Paid,2024-07-15
3178,3,155.0,2024-08-14,Rent,890.69,Pending,2024-08-14
3179,3,155.0,2024-09-13,Rent,890.69,Pending,2024-09-13
3180,3,155.0,2024-10-13,Rent,890.69,Paid,2024-10-13
3181,3,155.0,2024-11-12,Rent,890.69,Pending,2024-11-12
3182,3,155.0,2024-12-12,Rent,890.69,Paid,2024-12-12
3183,3,156.0,2022-11-22,Rent,951.78,Paid,2022-11-22
3184,3,156.0,2022-12-22,Rent,951.78,Pending,2022-12-22
3185,3,156.0,2023-01-21,Rent,951.78,Paid,2023-01-21
3186,3,156.0,2023-02-20,Rent,951.78,Paid,2023-02-20
3187,3,156.0,2023-03-22,Rent,951.78,Paid,2023-03-22
3188,3,156.0,2023-04-21,Rent,951.78,Paid,2023-04-21
3189,3,156.0,2023-05-21,Rent,951.78,Paid,2023-05-21
3190,3,156.0,2023-06-20,Rent,951.78,Paid,2023-06-20
3191,12,157.0,2024-03-04,Rent,1030.56,Paid,2024-03-04
3192,12,157.0,2024-04-03,Rent,1030.56,Paid,2024-04-03
3193,12,157.0,2024-05-03,Rent,1030.56,Paid,2024-05-03
3194,12,157.0,2024-06-02,Rent,1030.56,Paid,2024-06-02
3195,12,157.0,2024-07-02,Rent,1030.56,Paid,2024-07-02
3196,12,157.0,2024-08-01,Rent,1030.56,Paid,2024-08-01
3197,12,157.0,2024-08-31,Rent,1030.56,Paid,2024-08-31
3198,12,157.0,2024-09-30,Rent,1030.56,Paid,2024-09-30
3199,12,158.0,2023-11-24,Rent,956.24,Paid,2023-11-24
3200,12,158.0,2023-12-24,Rent,956.24,Paid,2023-12-24
3201,12,158.0,2024-01-23,Rent,956.24,Paid,2024-01-23
3202,12,158.0,2024-02-22,Rent,956.24,Paid,2024-02-22
3203,12,158.0,2024-03-23,Rent,956.24,Paid,2024-03-23
3204,12,158.0,2024-04-22,Rent,956.24,Paid,2024-04-22
3205,12,158.0,2024-05-22,Rent,956.24,Paid,2024-05-22
3206,12,158.0,2024-06-21,Rent,956.24,Paid,2024-06-21
3207,12,158.0,2024-07-21,Rent,956.24,Paid,2024-07-21
3208,12,158.0,2024-08-20,Rent,956.24,Paid,2024-08-20
3209,12,158.0,2024-09-19,Rent,956.24,Paid,2024-09-19
3210,12,158.0,2024-10-19,Rent,956.24,Paid,2024-10-19
3211,10,159.0,2023-11-17,Rent,938.76,Paid,2023-11-17
3212,10,159.0,2023-12-17,Rent,938.76,Paid,2023-12-17
3213,10,159.0,2024-01-16,Rent,938.76,Paid,2024-01-16
3214,8,160.0,2024-03-02,Rent,1405.9,Paid,2024-03-02
3215,8,160.0,2024-04-01,Rent,1405.9,Pending,2024-04-01
3216,8,160.0,2024-05-01,Rent,1405.9,Paid,2024-05-01
3217,8,160.0,2024-05-31,Rent,1405.9,Paid,2024-05-31
3218,8,160.0,2024-06-30,Rent,1405.9,Paid,2024-06-30
3219,8,160.0,2024-07-30,Rent,1405.9,Paid,2024-07-30
3220,8,161.0,2022-11-04,Rent,1241.89,Paid,2022-11-04
3221,8,161.0,2022-12-04,Rent,1241.89,Paid,2022-12-04
3222,8,161.0,2023-01-03,Rent,1241.89,Paid,2023-01-03
3223,8,161.0,2023-02-02,Rent,1241.89,Paid,2023-02-02
3224,8,161.0,2023-03-04,Rent,1241.89,Paid,2023-03-04
3225,8,161.0,2023-04-03,Rent,1241.89,Paid,2023-04-03
3226,8,161.0,2023-05-03,Rent,1241.89,Paid,2023-05-03
3227,14,162.0,2022-10-17,Rent,912.67,Paid,2022-10-17
3228,14,162.0,2022-11-16,Rent,912.67,Paid,2022-11-16
3229,14,162.0,2022-12-16,Rent,912.67,Paid,2022-12-16
3230,14,162.0,2023-01-15,Rent,912.67,Paid,2023-01-15
3231,14,162.0,2023-02-14,Rent,912.67,Paid,2023-02-14
3232,14,162.0,2023-03-16,Rent,912.67,Paid,2023-03-16
3233,14,162.0,2023-04-15,Rent,912.67,Paid,2023-04-15
3234,3,163.0,2024-03-13,Rent,599.16,Paid,2024-03-13
3235,3,163.0,2024-04-12,Rent,599.16,Paid,2024-04-12
3236,3,163.0,2024-05-12,Rent,599.16,Paid,2024-05-12
3237,3,163.0,2024-06-11,Rent,599.16,Paid,2024-06-11
3238,3,164.0,2022-06-23,Rent,637.37,Paid,2022-06-23
3239,3,164.0,2022-07-23,Rent,637.37,Paid,2022-07-23
3240,3,164.0,2022-08-22,Rent,637.37,Paid,2022-08-22
3241,3,164.0,2022-09-21,Rent,637.37,Paid,2022-09-21
3242,3,164.0,2022-10-21,Rent,637.37,Paid,2022-10-21
3243,3,164.0,2022-11-20,Rent,637.37,Paid,2022-11-20
3244,3,164.0,2022-12-20,Rent,637.37,Paid,2022-12-20
3245,5,165.0,2023-11-04,Rent,674.48,Paid,2023-11-04
3246,5,165.0,2023-12-04,Rent,674.48,Paid,2023-12-04
3247,5,165.0,2024-01-03,Rent,674.48,Paid,2024-01-03
3248,5,165.0,2024-02-02,Rent,674.48,Paid,2024-02-02
3249,5,166.0,2022-07-11,Rent,637.96,Paid,2022-07-11
3250,5,166.0,2022-08-10,Rent,637.96,Paid,2022-08-10
3251,5,166.0,2022-09-09,Rent,637.96,Paid,2022-09-09
3252,5,166.0,2022-10-09,Rent,637.96,Paid,2022-10-09
3253,5,166.0,2022-11-08,Rent,637.96,Paid,2022-11-08
3254,5,166.0,2022-12-08,Rent,637.96,Paid,2022-12-08
3255,5,166.0,2023-01-07,Rent,637.96,Paid,2023-01-07
3256,5,166.0,2023-02-06,Rent,637.96,Paid,2023-02-06
3257,5,166.0,2023-03-08,Rent,637.96,Paid,2023-03-08
3258,5,166.0,2023-04-07,Rent,637.96,Paid,2023-04-07
3259,5,166.0,2023-05-07,Rent,637.96,Paid,2023-05-07
3260,5,166.0,2023-06-06,Rent,637.96,Paid,2023-06-06
3261,5,166.0,2023-07-06,Rent,637.96,Paid,2023-07-06
3262,5,167.0,2024-05-17,Rent,644.18,Paid,2024-05-17
3263,5,167.0,2024-06-16,Rent,644.18,Paid,2024-06-16
3264,5,167.0,2024-07-16,Rent,644.18,Paid,2024-07-16
3265,5,167.0,2024-08-15,Rent,644.18,Paid,2024-08-15
3266,5,167.0,2024-09-14,Rent,644.18,Paid,2024-09-14
3267,5,167.0,2024-10-14,Rent,644.18,Paid,2024-10-14
3268,5,167.0,2024-11-13,Rent,644.18,Paid,2024-11-13
3269,5,167.0,2024-12-13,Rent,644.18,Paid,2024-12-13
3270,12,168.0,2024-01-13,Rent,1889.8,Paid,2024-01-13
3271,12,168.0,2024-02-12,Rent,1889.8,Paid,2024-02-12
3272,12,168.0,2024-03-13,Rent,1889.8,Paid,2024-03-13
3273,12,168.0,2024-04-12,Rent,1889.8,Paid,2024-04-12
3274,12,168.0,2024-05-12,Rent,1889.8,Paid,2024-05-12
3275,12,168.0,2024-06-11,Rent,1889.8,Paid,2024-06-11
3276,12,168.0,2024-07-11,Rent,1889.8,Paid,2024-07-11
3277,12,169.0,2023-03-15,Rent,1909.75,Paid,2023-03-15
3278,12,169.0,2023-04-14,Rent,1909.75,Paid,2023-04-14
3279,12,169.0,2023-05-14,Rent,1909.75,Paid,2023-05-14
3280,12,169.0,2023-06-13,Rent,1909.75,Paid,2023-06-13
3281,12,169.0,2023-07-13,Rent,1909.75,Paid,2023-07-13
3282,12,169.0,2023-08-12,Rent,1909.75,Paid,2023-08-12
3283,12,169.0,2023-09-11,Rent,1909.75,Paid,2023-09-11
3284,5,170.0,2023-04-09,Rent,1581.56,Paid,2023-04-09
3285,5,170.0,2023-05-09,Rent,1581.56,Paid,2023-05-09
3286,5,170.0,2023-06-08,Rent,1581.56,Paid,2023-06-08
3287,5,170.0,2023-07-08,Rent,1581.56,Paid,2023-07-08
3288,5,171.0,2022-06-08,Rent,1709.35,Paid,2022-06-08
3289,5,171.0,2022-07-08,Rent,1709.35,Paid,2022-07-08
3290,5,171.0,2022-08-07,Rent,1709.35,Paid,2022-08-07
3291,5,171.0,2022-09-06,Rent,1709.35,Paid,2022-09-06
3292,5,171.0,2022-10-06,Rent,1709.35,Paid,2022-10-06
3293,5,171.0,2022-11-05,Rent,1709.35,Paid,2022-11-05
3294,5,171.0,2022-12-05,Rent,1709.35,Paid,2022-12-05
3295,1,172.0,2022-03-19,Rent,1170.67,Paid,2022-03-19
3296,1,172.0,2022-04-18,Rent,1170.67,Paid,2022-04-18
3297,1,172.0,2022-05-18,Rent,1170.67,Paid,2022-05-18
3298,1,172.0,2022-06-17,Rent,1170.67,Paid,2022-06-17
3299,1,172.0,2022-07-17,Rent,1170.67,Paid,2022-07-17
3300,1,172.0,2022-08-16,Rent,1170.67,Paid,2022-08-16
3301,1,172.0,2022-09-15,Rent,1170.67,Paid,2022-09-15
3302,13,173.0,2024-02-11,Rent,1131.09,Paid,2024-02-11
3303,13,173.0,2024-03-12,Rent,1131.09,Paid,2024-03-12
3304,13,173.0,2024-04-11,Rent,1131.09,Paid,2024-04-11
3305,13,173.0,2024-05-11,Rent,1131.09,Paid,2024-05-11
3306,13,174.0,2023-01-06,Rent,1066.12,Paid,2023-01-06
3307,13,174.0,2023-02-05,Rent,1066.12,Paid,2023-02-05
3308,13,174.0,2023-03-07,Rent,1066.12,Paid,2023-03-07
3309,13,174.0,2023-04-06,Rent,1066.12,Paid,2023-04-06
3310,13,174.0,2023-05-06,Rent,1066.12,Paid,2023-05-06
3311,13,174.0,2023-06-05,Rent,1066.12,Paid,2023-06-05
3312,13,174.0,2023-07-05,Rent,1066.12,Paid,2023-07-05
3313,13,174.0,2023-08-04,Rent,1066.12,Paid,2023-08-04
3314,13,174.0,2023-09-03,Rent,1066.12,Paid,2023-09-03
3315,13,174.0,2023-10-03,Rent,1066.12,Paid,2023-10-03
3316,13,174.0,2023-11-02,Rent,1066.12,Paid,2023-11-02
3317,13,174.0,2023-12-02,Rent,1066.12,Paid,2023-12-02
3318,13,175.0,2024-06-15,Rent,1097.85,Paid,2024-06-15
3319,13,175.0,2024-07-15,Rent,1097.85,Paid,2024-07-15
3320,15,176.0,2023-05-02,Rent,1215.94,Paid,2023-05-02
3321,15,176.0,2023-06-01,Rent,1215.94,Paid,2023-06-01
3322,15,176.0,2023-07-01,Rent,1215.94,Paid,2023-07-01
3323,15,176.0,2023-07-31,Rent,1215.94,Paid,2023-07-31
3324,15,176.0,2023-08-30,Rent,1215.94,Paid,2023-08-30
3325,15,176.0,2023-09-29,Rent,1215.94,Paid,2023-09-29
3326,15,176.0,2023-10-29,Rent,1215.94,Paid,2023-10-29
3327,15,176.0,2023-11-28,Rent,1215.94,Paid,2023-11-28
3328,15,176.0,2023-12-28,Rent,1215.94,Paid,2023-12-28
3329,15,177.0,2023-08-07,Rent,1160.88,Paid,2023-08-07
3330,15,177.0,2023-09-06,Rent,1160.88,Paid,2023-09-06
3331,15,177.0,2023-10-06,Rent,1160.88,Paid,2023-10-06
3332,15,177.0,2023-11-05,Rent,1160.88,Paid,2023-11-05
3333,15,177.0,2023-12-05,Rent,1160.88,Paid,2023-12-05
3334,15,177.0,2024-01-04,Rent,1160.88,Paid,2024-01-04
3335,15,177.0,2024-02-03,Rent,1160.88,Paid,2024-02-03
3336,15,177.0,2024-03-04,Rent,1160.88,Paid,2024-03-04
3337,15,177.0,2024-04-03,Rent,1160.88,Pending,2024-04-03
3338,19,178.0,2023-05-05,Rent,868.27,Paid,2023-05-05
3339,19,178.0,2023-06-04,Rent,868.27,Paid,2023-06-04
3340,19,178.0,2023-07-04,Rent,868.27,Paid,2023-07-04
3341,19,178.0,2023-08-03,Rent,868.27,Paid,2023-08-03
3342,19,178.0,2023-09-02,Rent,868.27,Pending,2023-09-02
3343,19,178.0,2023-10-02,Rent,868.27,Paid,2023-10-02
3344,19,178.0,2023-11-01,Rent,868.27,Paid,2023-11-01
3345,13,179.0,2024-01-24,Rent,1374.76,Paid,2024-01-24
3346,13,179.0,2024-02-23,Rent,1374.76,Paid,2024-02-23
3347,13,179.0,2024-03-24,Rent,1374.76,Paid,2024-03-24
3348,13,179.0,2024-04-23,Rent,1374.76,Paid,2024-04-23
3349,13,179.0,2024-05-23,Rent,1374.76,Paid,2024-05-23
3350,13,179.0,2024-06-22,Rent,1374.76,Paid,2024-06-22
3351,13,179.0,2024-07-22,Rent,1374.76,Paid,2024-07-22
3352,13,179.0,2024-08-21,Rent,1374.76,Paid,2024-08-21
3353,13,179.0,2024-09-20,Rent,1374.76,Paid,2024-09-20
3354,13,179.0,2024-10-20,Rent,1374.76,Paid,2024-10-20
3355,13,179.0,2024-11-19,Rent,1374.76,Paid,2024-11-19
3356,13,180.0,2024-08-03,Rent,1271.15,Paid,2024-08-03
3357,13,180.0,2024-09-02,Rent,1271.15,Paid,2024-09-02
3358,13,180.0,2024-10-02,Rent,1271.15,Paid,2024-10-02
3359,13,180.0,2024-11-01,Rent,1271.15,Paid,2024-11-01
3360,13,180.0,2024-12-01,Rent,1271.15,Paid,2024-12-01
3361,13,180.0,2024-12-31,Rent,1271.15,Paid,2024-12-31
3362,3,181.0,2024-05-07,Rent,897.49,Paid,2024-05-07
3363,3,181.0,2024-06-06,Rent,897.49,Paid,2024-06-06
3364,3,181.0,2024-07-06,Rent,897.49,Paid,2024-07-06
3365,3,181.0,2024-08-05,Rent,897.49,Paid,2024-08-05
3366,3,182.0,2022-10-11,Rent,812.83,Paid,2022-10-11
3367,3,182.0,2022-11-10,Rent,812.83,Paid,2022-11-10
3368,3,182.0,2022-12-10,Rent,812.83,Paid,2022-12-10
3369,3,182.0,2023-01-09,Rent,812.83,Paid,2023-01-09
3370,3,182.0,2023-02-08,Rent,812.83,Paid,2023-02-08
3371,3,182.0,2023-03-10,Rent,812.83,Paid,2023-03-10
3372,10,183.0,2024-09-11,Rent,1154.42,Paid,2024-09-11
3373,10,183.0,2024-10-11,Rent,1154.42,Paid,2024-10-11
3374,10,183.0,2024-11-10,Rent,1154.42,Paid,2024-11-10
3375,10,183.0,2024-12-10,Rent,1154.42,Paid,2024-12-10
3376,17,184.0,2024-11-22,Rent,1030.31,Paid,2024-11-22
3377,17,184.0,2024-12-22,Rent,1030.31,Paid,2024-12-22
3378,17,185.0,2022-06-21,Rent,842.27,Paid,2022-06-21
3379,17,185.0,2022-07-21,Rent,842.27,Paid,2022-07-21
3380,17,185.0,2022-08-20,Rent,842.27,Paid,2022-08-20
3381,17,185.0,2022-09-19,Rent,842.27,Paid,2022-09-19
3382,17,186.0,2024-07-09,Rent,922.75,Paid,2024-07-09
3383,17,186.0,2024-08-08,Rent,922.75,Paid,2024-08-08
3384,17,186.0,2024-09-07,Rent,922.75,Paid,2024-09-07
3385,17,186.0,2024-10-07,Rent,922.75,Paid,2024-10-07
3386,17,186.0,2024-11-06,Rent,922.75,Paid,2024-11-06
3387,17,186.0,2024-12-06,Rent,922.75,Paid,2024-12-06
3388,15,187.0,2022-07-07,Rent,544.5,Paid,2022-07-07
3389,15,187.0,2022-08-06,Rent,544.5,Paid,2022-08-06
3390,15,187.0,2022-09-05,Rent,544.5,Paid,2022-09-05
3391,15,187.0,2022-10-05,Rent,544.5,Paid,2022-10-05
3392,15,187.0,2022-11-04,Rent,544.5,Pending,2022-11-04
3393,4,188.0,2022-02-24,Rent,1025.11,Paid,2022-02-24
3394,4,188.0,2022-03-26,Rent,1025.11,Paid,2022-03-26
3395,4,188.0,2022-04-25,Rent,1025.11,Paid,2022-04-25
3396,4,188.0,2022-05-25,Rent,1025.11,Paid,2022-05-25
3397,4,188.0,2022-06-24,Rent,1025.11,Paid,2022-06-24
3398,4,188.0,2022-07-24,Rent,1025.11,Paid,2022-07-24
3399,4,188.0,2022-08-23,Rent,1025.11,Paid,2022-08-23
3400,4,188.0,2022-09-22,Rent,1025.11,Paid,2022-09-22
3401,4,188.0,2022-10-22,Rent,1025.11,Paid,2022-10-22
3402,4,189.0,2024-03-22,Rent,1054.84,Paid,2024-03-22
3403,4,189.0,2024-04-21,Rent,1054.84,Paid,2024-04-21
3404,4,189.0,2024-05-21,Rent,1054.84,Pending,2024-05-21
3405,4,189.0,2024-06-20,Rent,1054.84,Paid,2024-06-20
3406,4,189.0,2024-07-20,Rent,1054.84,Paid,2024-07-20
3407,4,189.0,2024-08-19,Rent,1054.84,Paid,2024-08-19
3408,4,189.0,2024-09-18,Rent,1054.84,Paid,2024-09-18
3409,4,189.0,2024-10-18,Rent,1054.84,Paid,2024-10-18
3410,4,189.0,2024-11-17,Rent,1054.84,Paid,2024-11-17
3411,4,189.0,2024-12-17,Rent,1054.84,Pending,2024-12-17
3412,2,190.0,2024-03-01,Rent,1026.8,Paid,2024-03-01
3413,2,190.0,2024-03-31,Rent,1026.8,Paid,2024-03-31
3414,2,190.0,2024-04-30,Rent,1026.8,Paid,2024-04-30
3415,2,191.0,2023-04-05,Rent,1063.35,Paid,2023-04-05
3416,2,191.0,2023-05-05,Rent,1063.35,Paid,2023-05-05
3417,15,192.0,2023-11-18,Rent,995.44,Paid,2023-11-18
3418,15,192.0,2023-12-18,Rent,995.44,Paid,2023-12-18
3419,15,192.0,2024-01-17,Rent,995.44,Paid,2024-01-17
3420,15,192.0,2024-02-16,Rent,995.44,Paid,2024-02-16
3421,15,193.0,2022-03-20,Rent,1061.83,Paid,2022-03-20
3422,15,193.0,2022-04-19,Rent,1061.83,Paid,2022-04-19
3423,15,193.0,2022-05-19,Rent,1061.83,Paid,2022-05-19
3424,15,193.0,2022-06-18,Rent,1061.83,Paid,2022-06-18
3425,15,193.0,2022-07-18,Rent,1061.83,Paid,2022-07-18
3426,15,193.0,2022-08-17,Rent,1061.83,Paid,2022-08-17
3427,5,194.0,2022-10-12,Rent,577.35,Paid,2022-10-12
3428,5,194.0,2022-11-11,Rent,577.35,Paid,2022-11-11
3429,5,194.0,2022-12-11,Rent,577.35,Paid,2022-12-11
3430,5,194.0,2023-01-10,Rent,577.35,Paid,2023-01-10
3431,5,194.0,2023-02-09,Rent,577.35,Paid,2023-02-09
3432,5,194.0,2023-03-11,Rent,577.35,Paid,2023-03-11
3433,5,194.0,2023-04-10,Rent,577.35,Paid,2023-04-10
3434,5,194.0,2023-05-10,Rent,577.35,Paid,2023-05-10
3435,5,194.0,2023-06-09,Rent,577.35,Paid,2023-06-09
3436,5,194.0,2023-07-09,Rent,577.35,Paid,2023-07-09
3437,5,195.0,2022-01-11,Rent,579.72,Paid,2022-01-11
3438,5,195.0,2022-02-10,Rent,579.72,Paid,2022-02-10
3439,5,195.0,2022-03-12,Rent,579.72,Paid,2022-03-12
3440,19,196.0,2023-03-18,Rent,521.32,Paid,2023-03-18
3441,19,196.0,2023-04-17,Rent,521.32,Paid,2023-04-17
3442,19,196.0,2023-05-17,Rent,521.32,Paid,2023-05-17
3443,19,196.0,2023-06-16,Rent,521.32,Paid,2023-06-16
3444,19,197.0,2024-05-16,Rent,1115.75,Paid,2024-05-16
3445,19,197.0,2024-06-15,Rent,1115.75,Paid,2024-06-15
3446,19,197.0,2024-07-15,Rent,1115.75,Paid,2024-07-15
3447,19,198.0,2023-08-14,Rent,1118.9,Paid,2023-08-14
3448,19,198.0,2023-09-13,Rent,1118.9,Paid,2023-09-13
3449,19,198.0,2023-10-13,Rent,1118.9,Pending,2023-10-13
3450,19,198.0,2023-11-12,Rent,1118.9,Paid,2023-11-12
3451,19,198.0,2023-12-12,Rent,1118.9,Paid,2023-12-12
3452,19,198.0,2024-01-11,Rent,1118.9,Paid,2024-01-11
3453,19,199.0,2022-09-07,Rent,1166.19,Paid,2022-09-07
3454,19,199.0,2022-10-07,Rent,1166.19,Paid,2022-10-07
3455,11,200.0,2024-07-25,Rent,896.1,Paid,2024-07-25
3456,11,200.0,2024-08-24,Rent,896.1,Paid,2024-08-24
3457,11,200.0,2024-09-23,Rent,896.1,Pending,2024-09-23
3458,11,201.0,2022-02-03,Rent,1560.82,Paid,2022-02-03
3459,11,201.0,2022-03-05,Rent,1560.82,Paid,2022-03-05
3460,11,201.0,2022-04-04,Rent,1560.82,Paid,2022-04-04
3461,11,201.0,2022-05-04,Rent,1560.82,Paid,2022-05-04
3462,11,201.0,2022-06-03,Rent,1560.82,Paid,2022-06-03
3463,11,201.0,2022-07-03,Rent,1560.82,Paid,2022-07-03
3464,11,201.0,2022-08-02,Rent,1560.82,Paid,2022-08-02
3465,11,201.0,2022-09-01,Rent,1560.82,Paid,2022-09-01
3466,11,201.0,2022-10-01,Rent,1560.82,Paid,2022-10-01
3467,11,201.0,2022-10-31,Rent,1560.82,Paid,2022-10-31
3468,11,201.0,2022-11-30,Rent,1560.82,Paid,2022-11-30
3469,11,201.0,2022-12-30,Rent,1560.82,Paid,2022-12-30
3470,14,202.0,2023-05-11,Rent,757.83,Paid,2023-05-11
3471,14,202.0,2023-06-10,Rent,757.83,Paid,2023-06-10
3472,14,202.0,2023-07-10,Rent,757.83,Paid,2023-07-10
3473,14,202.0,2023-08-09,Rent,757.83,Paid,2023-08-09
3474,14,203.0,2024-05-29,Rent,716.48,Paid,2024-05-29
3475,14,203.0,2024-06-28,Rent,716.48,Paid,2024-06-28
3476,14,204.0,2023-12-24,Rent,675.39,Paid,2023-12-24
3477,14,204.0,2024-01-23,Rent,675.39,Paid,2024-01-23
3478,14,204.0,2024-02-22,Rent,675.39,Paid,2024-02-22
3479,14,204.0,2024-03-23,Rent,675.39,Paid,2024-03-23
3480,14,204.0,2024-04-22,Rent,675.39,Paid,2024-04-22
3481,14,204.0,2024-05-22,Rent,675.39,Pending,2024-05-22
3482,4,1.0,2023-11-23,Deposit_In,3186.26,Paid,2023-11-23
3483,3,2.0,2024-11-20,Deposit_Out,805.03,Paid,2024-10-21
3484,14,3.0,2022-12-02,Deposit_In,1326.78,Paid,2022-12-02
3485,14,4.0,2025-01-27,Deposit_Out,1175.435,Paid,2024-12-28
3486,9,5.0,2023-04-21,Deposit_In,3157.42,Paid,2023-04-21
3487,8,6.0,2023-10-27,Deposit_In,1213.72,Paid,2023-10-27
3488,11,7.0,2023-08-08,Deposit_Out,1275.6599999999999,Paid,2023-07-09
3489,14,8.0,2022-11-08,Deposit_In,1383.58,Paid,2022-11-08
3490,17,9.0,2024-01-05,Deposit_Out,2302.287,Paid,2023-12-06
3491,8,10.0,2024-07-19,Deposit_Out,1044.3349999999998,Paid,2024-06-19
3492,17,11.0,2023-01-15,Deposit_In,1075.46,Paid,2023-01-15
3493,1,12.0,2023-12-15,Deposit_In,1772.34,Paid,2023-12-15
3494,8,13.0,2023-08-25,Deposit_In,1236.92,Paid,2023-08-25
3495,20,14.0,2023-11-02,Deposit_In,999.5,Paid,2023-11-02
3496,19,15.0,2023-09-23,Deposit_In,1848.74,Paid,2023-09-23
3497,8,16.0,2022-02-03,Deposit_In,3094.72,Paid,2022-02-03
3498,8,17.0,2024-12-07,Deposit_Out,3098.3489999999997,Paid,2024-11-07
3499,19,18.0,2024-10-04,Deposit_Out,2399.377,Paid,2024-09-04
3500,1,19.0,2023-12-04,Deposit_In,1908.52,Paid,2023-12-04
3501,15,20.0,2023-10-23,Deposit_In,1954.92,Paid,2023-10-23
3502,15,21.0,2024-12-20,Deposit_Out,945.3639999999999,Paid,2024-11-20
3503,19,22.0,2024-09-12,Deposit_Out,909.3019999999999,Paid,2024-08-13
3504,19,23.0,2023-11-10,Deposit_In,1958.34,Paid,2023-11-10
3505,4,24.0,2023-10-17,Deposit_In,2600.7,Paid,2023-10-17
3506,11,25.0,2024-02-27,Deposit_Out,1696.168,Paid,2024-01-28
3507,15,26.0,2025-01-06,Deposit_Out,2612.918,Paid,2024-12-07
3508,2,27.0,2024-10-29,Deposit_Out,1491.937,Paid,2024-09-29
3509,20,28.0,2023-08-24,Deposit_In,2695.08,Paid,2023-08-24
3510,4,29.0,2024-06-01,Deposit_Out,2727.431,Paid,2024-05-02
3511,7,30.0,2023-11-12,Deposit_Out,2274.9649999999997,Paid,2023-10-13
3512,6,31.0,2024-12-17,Deposit_Out,1173.174,Paid,2024-11-17
3513,17,32.0,2023-11-17,Deposit_Out,1046.33,Paid,2023-10-18
3514,11,33.0,2023-07-10,Deposit_Out,2613.317,Paid,2023-06-10
3515,13,34.0,2024-10-01,Deposit_Out,1269.124,Paid,2024-09-01
3516,7,35.0,2024-01-13,Deposit_Out,1767.2849999999999,Paid,2023-12-14
3517,10,36.0,2023-12-21,Deposit_Out,3126.1649999999995,Paid,2023-11-21
3518,15,37.0,2023-03-08,Deposit_In,2113.98,Paid,2023-03-08
3519,3,38.0,2024-08-05,Deposit_Out,1826.2229999999997,Paid,2024-07-06
3520,11,39.0,2023-01-06,Deposit_In,1497.04,Paid,2023-01-06
3521,12,40.0,2024-08-26,Deposit_Out,2424.21,Paid,2024-07-27
3522,1,41.0,2022-08-15,Deposit_In,1106.86,Paid,2022-08-15
3523,14,42.0,2023-11-06,Deposit_In,1669.34,Paid,2023-11-06
3524,14,43.0,2023-04-15,Deposit_In,3170.48,Paid,2023-04-15
3525,11,44.0,2024-08-05,Deposit_Out,977.132,Paid,2024-07-06
3526,6,45.0,2023-03-13,Deposit_In,907.3,Paid,2023-03-13
3527,17,46.0,2023-05-18,Deposit_In,1261.46,Paid,2023-05-18
3528,18,47.0,2023-07-07,Deposit_Out,2791.043,Paid,2023-06-07
3529,14,48.0,2023-09-15,Deposit_In,1133.1,Paid,2023-09-15
3530,5,49.0,2024-03-16,Deposit_Out,1041.523,Paid,2024-02-15
3531,6,50.0,2023-10-11,Deposit_In,1039.54,Paid,2023-10-11
3532,8,51.0,2023-12-31,Deposit_In,2935.58,Paid,2023-12-31
3533,7,52.0,2023-09-04,Deposit_In,3438.1,Paid,2023-09-04
3534,1,53.0,2023-04-10,Deposit_In,1862.84,Paid,2023-04-10
3535,12,54.0,2024-07-25,Deposit_Out,1246.552,Paid,2024-06-25
3536,20,55.0,2022-04-28,Deposit_In,1168.02,Paid,2022-04-28
3537,10,56.0,2023-07-19,Deposit_In,3082.56,Paid,2023-07-19
3538,6,57.0,2024-12-26,Deposit_Out,1077.737,Paid,2024-11-26
3539,13,58.0,2022-12-14,Deposit_In,1243.3,Paid,2022-12-14
3540,5,59.0,2024-07-06,Deposit_Out,1202.472,Paid,2024-06-06
3541,2,60.0,2023-03-14,Deposit_In,2188.46,Paid,2023-03-14
3542,18,61.0,2024-11-05,Deposit_Out,2255.281,Paid,2024-10-06
3543,2,62.0,2023-12-05,Deposit_In,2422.18,Paid,2023-12-05
3544,5,63.0,2023-07-30,Deposit_Out,1777.849,Paid,2023-06-30
3545,4,64.0,2024-07-24,Deposit_Out,1651.252,Paid,2024-06-24
3546,16,65.0,2024-06-28,Deposit_Out,1437.1789999999999,Paid,2024-05-29
3547,12,66.0,2024-11-22,Deposit_Out,2973.766,Paid,2024-10-23
3548,17,67.0,2023-07-30,Deposit_In,2287.96,Paid,2023-07-30
3549,13,68.0,2024-07-29,Deposit_Out,2865.561,Paid,2024-06-29
3550,1,69.0,2023-11-13,Deposit_In,2017.34,Paid,2023-11-13
3551,12,70.0,2024-01-12,Deposit_Out,2632.83,Paid,2023-12-13
3552,4,71.0,2024-12-10,Deposit_Out,2572.22,Paid,2024-11-10
3553,6,72.0,2023-08-15,Deposit_In,1115.88,Paid,2023-08-15
3554,1,73.0,2022-06-08,Deposit_In,1153.18,Paid,2022-06-08
3555,13,74.0,2024-01-05,Deposit_Out,2805.008,Paid,2023-12-06
3556,5,75.0,2023-07-24,Deposit_In,3164.38,Paid,2023-07-24
3557,9,76.0,2022-10-13,Deposit_In,1657.12,Paid,2022-10-13
3558,6,77.0,2023-03-16,Deposit_In,1993.72,Paid,2023-03-16
3559,16,78.0,2023-09-29,Deposit_In,2517.66,Paid,2023-09-29
3560,16,79.0,2023-10-21,Deposit_In,1892.42,Paid,2023-10-21
3561,15,80.0,2023-09-16,Deposit_In,2903.16,Paid,2023-09-16
3562,2,81.0,2023-11-29,Deposit_Out,2921.383,Paid,2023-10-30
3563,7,82.0,2022-10-07,Deposit_In,2719.62,Paid,2022-10-07
3564,6,83.0,2024-11-24,Deposit_Out,1665.426,Paid,2024-10-25
3565,17,84.0,2023-08-10,Deposit_Out,1008.349,Paid,2023-07-11
3566,10,85.0,2023-08-03,Deposit_In,1744.04,Paid,2023-08-03
3567,12,86.0,2023-09-04,Deposit_Out,2671.8179999999998,Paid,2023-08-05
3568,18,87.0,2024-12-10,Deposit_Out,1713.99,Paid,2024-11-10
3569,7,88.0,2023-06-28,Deposit_In,1785.12,Paid,2023-06-28
3570,18,89.0,2023-03-06,Deposit_In,1319.04,Paid,2023-03-06
3571,20,90.0,2024-07-23,Deposit_Out,2809.454,Paid,2024-06-23
3572,15,91.0,2022-11-29,Deposit_In,1188.1,Paid,2022-11-29
3573,5,92.0,2023-06-19,Deposit_Out,1807.527,Paid,2023-05-20
3574,7,93.0,2022-06-11,Deposit_In,3492.64,Paid,2022-06-11
3575,17,94.0,2023-11-22,Deposit_In,3169.92,Paid,2023-11-22
3576,18,95.0,2023-03-30,Deposit_In,1081.68,Paid,2023-03-30
3577,8,96.0,2023-05-13,Deposit_In,2753.82,Paid,2023-05-13
3578,18,97.0,2025-01-03,Deposit_Out,2488.772,Paid,2024-12-04
3579,18,98.0,2024-11-01,Deposit_Out,2677.556,Paid,2024-10-02
3580,12,99.0,2024-08-06,Deposit_Out,2495.7639999999997,Paid,2024-07-07
3581,1,100.0,2023-11-26,Deposit_In,3304.6,Paid,2023-11-26
3582,10,101.0,2023-05-14,Deposit_In,2836.84,Paid,2023-05-14
3583,12,102.0,2024-01-27,Deposit_Out,1237.6219999999998,Paid,2023-12-28
3584,16,103.0,2023-02-09,Deposit_In,2609.58,Paid,2023-02-09
3585,20,104.0,2023-09-04,Deposit_Out,2183.689,Paid,2023-08-05
3586,17,105.0,2024-01-22,Deposit_Out,1829.624,Paid,2023-12-23
3587,7,106.0,2024-08-10,Deposit_Out,2992.861,Paid,2024-07-11
3588,4,107.0,2023-06-09,Deposit_Out,2465.345,Paid,2023-05-10
3589,20,108.0,2024-10-11,Deposit_Out,2012.5749999999998,Paid,2024-09-11
3590,9,109.0,2023-01-25,Deposit_In,3059.4,Paid,2023-01-25
3591,8,110.0,2022-08-24,Deposit_In,1686.74,Paid,2022-08-24
3592,4,111.0,2023-11-16,Deposit_In,2962.86,Paid,2023-11-16
3593,20,112.0,2024-04-24,Deposit_Out,2122.832,Paid,2024-03-25
3594,9,113.0,2024-06-03,Deposit_Out,1834.754,Paid,2024-05-04
3595,6,114.0,2022-11-17,Deposit_In,1252.22,Paid,2022-11-17
3596,16,115.0,2023-08-11,Deposit_In,1932.42,Paid,2023-08-11
3597,9,116.0,2023-10-18,Deposit_In,1894.76,Paid,2023-10-18
3598,2,117.0,2024-07-15,Deposit_Out,1667.098,Paid,2024-06-15
3599,3,118.0,2024-06-21,Deposit_Out,1003.2379999999999,Paid,2024-05-22
3600,3,119.0,2023-04-17,Deposit_In,1139.78,Paid,2023-04-17
3601,16,120.0,2024-07-21,Deposit_Out,2044.818,Paid,2024-06-21
3602,18,121.0,2024-12-26,Deposit_Out,1671.5819999999999,Paid,2024-11-26
3603,10,122.0,2023-02-15,Deposit_In,1365.44,Paid,2023-02-15
3604,9,123.0,2025-01-22,Deposit_Out,1288.542,Paid,2024-12-23
3605,6,124.0,2024-08-26,Deposit_Out,2356.779,Paid,2024-07-27
3606,18,125.0,2023-10-08,Deposit_Out,2434.5649999999996,Paid,2023-09-08
3607,4,126.0,2023-10-11,Deposit_In,1560.76,Paid,2023-10-11
3608,3,127.0,2025-01-20,Deposit_Out,1337.657,Paid,2024-12-21
3609,13,128.0,2025-01-16,Deposit_Out,1355.213,Paid,2024-12-17
3610,11,129.0,2023-10-23,Deposit_In,3171.28,Paid,2023-10-23
3611,11,130.0,2023-10-12,Deposit_Out,1231.675,Paid,2023-09-12
3612,9,131.0,2024-02-14,Deposit_Out,2345.8160000000003,Paid,2024-01-15
3613,2,132.0,2022-06-06,Deposit_In,1141.66,Paid,2022-06-06
3614,10,133.0,2022-07-01,Deposit_In,2179.36,Paid,2022-07-01
3615,2,134.0,2023-04-21,Deposit_In,915.06,Paid,2023-04-21
3616,1,135.0,2023-08-17,Deposit_In,1687.54,Paid,2023-08-17
3617,9,136.0,2023-08-02,Deposit_In,1246.46,Paid,2023-08-02
3618,5,137.0,2023-10-02,Deposit_In,2299.64,Paid,2023-10-02
3619,13,138.0,2024-05-22,Deposit_Out,1505.2369999999999,Paid,2024-04-22
3620,16,139.0,2024-08-02,Deposit_Out,2776.793,Paid,2024-07-03
3621,19,140.0,2023-10-09,Deposit_In,1020.54,Paid,2023-10-09
3622,13,141.0,2024-11-23,Deposit_Out,1403.587,Paid,2024-10-24
3623,3,142.0,2024-09-16,Deposit_Out,3050.8489999999997,Paid,2024-08-17
3624,7,143.0,2023-04-18,Deposit_In,1566.26,Paid,2023-04-18
3625,9,144.0,2024-04-10,Deposit_Out,889.1049999999999,Paid,2024-03-11
3626,7,145.0,2022-03-20,Deposit_In,1618.12,Paid,2022-03-20
3627,2,146.0,2023-09-22,Deposit_In,2155.84,Paid,2023-09-22
3628,20,147.0,2023-01-29,Deposit_In,1846.4,Paid,2023-01-29
3629,16,148.0,2024-10-01,Deposit_Out,2165.962,Paid,2024-09-01
3630,14,149.0,2023-08-09,Deposit_In,1281.0,Paid,2023-08-09
3631,10,150.0,2022-11-26,Deposit_In,1635.86,Paid,2022-11-26
3632,20,151.0,2024-11-28,Deposit_Out,2795.147,Paid,2024-10-29
3633,16,152.0,2024-08-19,Deposit_Out,2281.9379999999996,Paid,2024-07-20
3634,19,153.0,2024-09-24,Deposit_Out,2218.9339999999997,Paid,2024-08-25
3635,3,154.0,2022-09-24,Deposit_Out,1742.5659999999998,Paid,2022-08-25
3636,3,155.0,2025-01-30,Deposit_Out,1742.5659999999998,Paid,2024-12-31
3637,3,156.0,2023-07-26,Deposit_Out,1742.5659999999998,Paid,2023-06-26
3638,12,157.0,2024-11-28,Deposit_Out,1910.222,Paid,2024-10-29
3639,12,158.0,2024-11-24,Deposit_Out,1910.222,Paid,2024-10-25
3640,10,159.0,2024-02-18,Deposit_Out,1774.828,Paid,2024-01-19
3641,8,160.0,2024-09-23,Deposit_Out,2574.4809999999998,Paid,2024-08-24
3642,8,161.0,2023-06-22,Deposit_Out,2574.4809999999998,Paid,2023-05-23
3643,14,162.0,2023-06-13,Deposit_Out,1688.2069999999999,Paid,2023-05-14
3644,3,163.0,2024-07-17,Deposit_Out,1177.411,Paid,2024-06-17
3645,3,164.0,2023-01-27,Deposit_Out,1177.411,Paid,2022-12-28
3646,5,165.0,2024-03-08,Deposit_Out,1332.356,Paid,2024-02-07
3647,5,166.0,2023-08-05,Deposit_Out,1332.356,Paid,2023-07-06
3648,5,167.0,2025-01-30,Deposit_Out,1332.356,Paid,2024-12-31
3649,12,168.0,2024-08-18,Deposit_Out,3582.013,Paid,2024-07-19
3650,12,169.0,2023-11-04,Deposit_Out,3582.013,Paid,2023-10-05
3651,5,170.0,2023-08-17,Deposit_Out,3147.274,Paid,2023-07-18
3652,5,171.0,2023-01-05,Deposit_Out,3147.274,Paid,2022-12-06
3653,1,172.0,2022-11-06,Deposit_Out,2425.806,Paid,2022-10-07
3654,13,173.0,2024-06-28,Deposit_Out,2156.196,Paid,2024-05-29
3655,13,174.0,2024-01-20,Deposit_Out,2156.196,Paid,2023-12-21
3656,13,175.0,2024-09-05,Deposit_Out,2156.196,Paid,2024-08-06
3657,15,176.0,2024-02-13,Deposit_Out,2304.8329999999996,Paid,2024-01-14
3658,15,177.0,2024-05-22,Deposit_Out,2304.8329999999996,Paid,2024-04-22
3659,19,178.0,2023-12-09,Deposit_Out,1682.051,Paid,2023-11-09
3660,13,179.0,2025-01-10,Deposit_Out,2486.91,Paid,2024-12-11
3661,13,180.0,2025-01-30,Deposit_Out,2486.91,Paid,2024-12-31
3662,3,181.0,2024-09-26,Deposit_Out,1636.831,Paid,2024-08-27
3663,3,182.0,2023-04-17,Deposit_Out,1636.831,Paid,2023-03-18
3664,10,183.0,2025-01-30,Deposit_Out,2136.797,Paid,2024-12-31
3665,17,184.0,2025-01-30,Deposit_Out,1825.9759999999999,Paid,2024-12-31
3666,17,185.0,2022-11-10,Deposit_Out,1825.9759999999999,Paid,2022-10-11
3667,17,186.0,2025-01-30,Deposit_Out,1825.9759999999999,Paid,2024-12-31
3668,15,187.0,2022-12-27,Deposit_Out,1005.537,Paid,2022-11-27
3669,4,188.0,2022-11-23,Deposit_Out,1967.6779999999997,Paid,2022-10-24
3670,4,189.0,2025-01-30,Deposit_Out,1967.6779999999997,Paid,2024-12-31
3671,2,190.0,2024-06-10,Deposit_Out,2011.6629999999998,Paid,2024-05-11
3672,2,191.0,2023-06-18,Deposit_Out,2011.6629999999998,Paid,2023-05-19
3673,15,192.0,2024-03-31,Deposit_Out,1906.175,Paid,2024-03-01
3674,15,193.0,2022-10-12,Deposit_Out,1906.175,Paid,2022-09-12
3675,5,194.0,2023-08-08,Deposit_Out,1083.19,Paid,2023-07-09
3676,5,195.0,2022-04-21,Deposit_Out,1083.19,Paid,2022-03-22
3677,19,196.0,2023-08-01,Deposit_Out,1011.3319999999999,Paid,2023-07-02
3678,19,197.0,2024-09-09,Deposit_Out,2172.897,Paid,2024-08-10
3679,19,198.0,2024-02-11,Deposit_Out,2172.897,Paid,2024-01-12
3680,19,199.0,2022-11-30,Deposit_Out,2172.897,Paid,2022-10-31
3681,11,200.0,2024-10-25,Deposit_Out,1739.203,Paid,2024-09-25
3682,11,201.0,2023-02-21,Deposit_Out,2923.207,Paid,2023-01-22
3683,14,202.0,2023-09-21,Deposit_Out,1304.502,Paid,2023-08-22
3684,14,203.0,2024-07-28,Deposit_Out,1304.502,Paid,2024-06-28
3685,14,204.0,2024-06-24,Deposit_Out,1304.502,Paid,2024-05-25
3686,1,,2022-01-01,Utility,620.12,Paid,2022-01-01
3687,1,,2022-01-01,Tax,1877.58,Paid,2022-01-01
3688,1,,2022-01-31,Utility,296.19,Paid,2022-01-31
3689,1,,2022-01-31,Tax,1697.57,Paid,2022-01-31
3690,1,,2022-03-02,Utility,312.92,Paid,2022-03-02
3691,1,,2022-04-01,Utility,464.85,Paid,2022-04-01
3692,1,,2022-05-01,Utility,501.84,Paid,2022-05-01
3693,1,,2022-05-31,Utility,667.64,Paid,2022-05-31
3694,1,,2022-06-30,Utility,532.69,Paid,2022-06-30
3695,1,,2022-07-30,Utility,478.09,Paid,2022-07-30
3696,1,,2022-08-29,Utility,582.94,Paid,2022-08-29
3697,1,,2022-09-28,Utility,278.89,Paid,2022-09-28
3698,1,,2022-10-28,Utility,523.56,Paid,2022-10-28
3699,1,,2022-11-27,Utility,577.09,Paid,2022-11-27
3700,1,,2022-12-27,Utility,352.14,Paid,2022-12-27
3701,1,,2023-01-26,Utility,614.38,Paid,2023-01-26
3702,1,,2023-01-26,Tax,2101.55,Paid,2023-01-26
3703,1,,2023-02-25,Utility,458.47,Paid,2023-02-25
3704,1,,2023-03-27,Utility,563.28,Paid,2023-03-27
3705,1,,2023-04-26,Utility,727.07,Paid,2023-04-26
3706,1,,2023-05-26,Utility,518.19,Paid,2023-05-26
3707,1,,2023-06-25,Utility,524.82,Paid,2023-06-25
3708,1,,2023-07-25,Utility,454.06,Paid,2023-07-25
3709,1,,2023-08-24,Utility,415.02,Paid,2023-08-24
3710,1,,2023-09-23,Utility,583.03,Paid,2023-09-23
3711,1,,2023-10-23,Utility,414.39,Paid,2023-10-23
3712,1,,2023-11-22,Utility,507.16,Paid,2023-11-22
3713,1,,2023-12-22,Utility,452.23,Paid,2023-12-22
3714,1,,2024-01-21,Utility,547.9,Paid,2024-01-21
3715,1,,2024-01-21,Tax,2100.1,Paid,2024-01-21
3716,1,,2024-02-20,Utility,603.75,Paid,2024-02-20
3717,1,,2024-03-21,Utility,449.0,Paid,2024-03-21
3718,1,,2024-04-20,Utility,473.01,Paid,2024-04-20
3719,1,,2024-05-20,Utility,402.12,Paid,2024-05-20
3720,1,,2024-06-19,Utility,455.57,Paid,2024-06-19
3721,1,,2024-07-19,Utility,537.73,Paid,2024-07-19
3722,1,,2024-08-18,Utility,575.7,Paid,2024-08-18
3723,1,,2024-09-17,Utility,407.78,Paid,2024-09-17
3724,1,,2024-10-17,Utility,586.96,Paid,2024-10-17
3725,1,,2024-11-16,Utility,635.56,Paid,2024-11-16
3726,1,,2024-12-16,Utility,541.34,Paid,2024-12-16
3727,2,,2022-01-01,Utility,687.68,Paid,2022-01-01
3728,2,,2022-01-01,Tax,1767.86,Paid,2022-01-01
3729,2,,2022-01-31,Utility,375.53,Paid,2022-01-31
3730,2,,2022-01-31,Tax,1466.38,Paid,2022-01-31
3731,2,,2022-03-02,Utility,649.6,Paid,2022-03-02
3732,2,,2022-04-01,Utility,565.44,Paid,2022-04-01
3733,2,,2022-05-01,Utility,494.44,Paid,2022-05-01
3734,2,,2022-05-31,Utility,528.0,Paid,2022-05-31
3735,2,,2022-06-30,Utility,387.45,Paid,2022-06-30
3736,2,,2022-07-30,Utility,744.58,Paid,2022-07-30
3737,2,,2022-08-29,Utility,512.92,Paid,2022-08-29
3738,2,,2022-09-28,Utility,510.94,Paid,2022-09-28
3739,2,,2022-10-28,Utility,572.58,Paid,2022-10-28
3740,2,,2022-11-27,Utility,548.1,Paid,2022-11-27
3741,2,,2022-12-27,Utility,522.39,Paid,2022-12-27
3742,2,,2023-01-26,Utility,420.95,Paid,2023-01-26
3743,2,,2023-01-26,Tax,2141.44,Paid,2023-01-26
3744,2,,2023-02-25,Utility,688.2,Paid,2023-02-25
3745,2,,2023-03-27,Utility,634.54,Paid,2023-03-27
3746,2,,2023-04-26,Utility,659.32,Paid,2023-04-26
3747,2,,2023-05-26,Utility,448.88,Paid,2023-05-26
3748,2,,2023-06-25,Utility,401.04,Paid,2023-06-25
3749,2,,2023-07-25,Utility,487.42,Paid,2023-07-25
3750,2,,2023-08-24,Utility,505.57,Paid,2023-08-24
3751,2,,2023-09-23,Utility,609.42,Paid,2023-09-23
3752,2,,2023-10-23,Utility,330.75,Paid,2023-10-23
3753,2,,2023-11-22,Utility,652.96,Paid,2023-11-22
3754,2,,2023-12-22,Utility,484.2,Paid,2023-12-22
3755,2,,2024-01-21,Utility,457.31,Paid,2024-01-21
3756,2,,2024-01-21,Tax,1696.37,Paid,2024-01-21
3757,2,,2024-02-20,Utility,334.51,Paid,2024-02-20
3758,2,,2024-03-21,Utility,582.32,Paid,2024-03-21
3759,2,,2024-04-20,Utility,507.33,Paid,2024-04-20
3760,2,,2024-05-20,Utility,371.0,Paid,2024-05-20
3761,2,,2024-06-19,Utility,370.49,Paid,2024-06-19
3762,2,,2024-07-19,Utility,466.42,Paid,2024-07-19
3763,2,,2024-08-18,Utility,666.9,Paid,2024-08-18
3764,2,,2024-09-17,Utility,474.04,Paid,2024-09-17
3765,2,,2024-10-17,Utility,349.69,Paid,2024-10-17
3766,2,,2024-11-16,Utility,475.43,Paid,2024-11-16
3767,2,,2024-12-16,Utility,472.73,Paid,2024-12-16
3768,3,,2022-01-01,Utility,230.31,Paid,2022-01-01
3769,3,,2022-01-01,Tax,1983.71,Paid,2022-01-01
3770,3,,2022-01-31,Utility,476.91,Paid,2022-01-31
3771,3,,2022-01-31,Tax,2208.86,Paid,2022-01-31
3772,3,,2022-03-02,Utility,684.9,Paid,2022-03-02
3773,3,,2022-04-01,Utility,612.66,Paid,2022-04-01
3774,3,,2022-05-01,Utility,473.11,Paid,2022-05-01
3775,3,,2022-05-31,Utility,389.35,Paid,2022-05-31
3776,3,,2022-06-30,Utility,757.34,Paid,2022-06-30
3777,3,,2022-07-30,Utility,505.92,Paid,2022-07-30
3778,3,,2022-08-29,Utility,501.39,Paid,2022-08-29
3779,3,,2022-09-28,Utility,497.59,Paid,2022-09-28
3780,3,,2022-10-28,Utility,519.81,Paid,2022-10-28
3781,3,,2022-11-27,Utility,485.56,Paid,2022-11-27
3782,3,,2022-12-27,Utility,442.63,Paid,2022-12-27
3783,3,,2023-01-26,Utility,445.31,Paid,2023-01-26
3784,3,,2023-01-26,Tax,1990.17,Paid,2023-01-26
3785,3,,2023-02-25,Utility,445.66,Paid,2023-02-25
3786,3,,2023-03-27,Utility,428.72,Paid,2023-03-27
3787,3,,2023-04-26,Utility,510.64,Paid,2023-04-26
3788,3,,2023-05-26,Utility,474.5,Paid,2023-05-26
3789,3,,2023-06-25,Utility,650.4,Paid,2023-06-25
3790,3,,2023-07-25,Utility,234.9,Paid,2023-07-25
3791,3,,2023-08-24,Utility,609.15,Paid,2023-08-24
3792,3,,2023-09-23,Utility,624.61,Paid,2023-09-23
3793,3,,2023-10-23,Utility,292.66,Paid,2023-10-23
3794,3,,2023-11-22,Utility,465.73,Paid,2023-11-22
3795,3,,2023-12-22,Utility,462.86,Paid,2023-12-22
3796,3,,2024-01-21,Utility,359.25,Paid,2024-01-21
3797,3,,2024-01-21,Tax,1766.65,Paid,2024-01-21
3798,3,,2024-02-20,Utility,388.94,Paid,2024-02-20
3799,3,,2024-03-21,Utility,675.23,Paid,2024-03-21
3800,3,,2024-04-20,Utility,593.57,Paid,2024-04-20
3801,3,,2024-05-20,Utility,627.16,Paid,2024-05-20
3802,3,,2024-06-19,Utility,572.17,Paid,2024-06-19
3803,3,,2024-07-19,Utility,387.09,Paid,2024-07-19
3804,3,,2024-08-18,Utility,447.55,Paid,2024-08-18
3805,3,,2024-09-17,Utility,548.94,Paid,2024-09-17
3806,3,,2024-10-17,Utility,377.79,Paid,2024-10-17
3807,3,,2024-11-16,Utility,571.3,Paid,2024-11-16
3808,3,,2024-12-16,Utility,475.97,Paid,2024-12-16
3809,4,,2022-01-01,Utility,462.52,Paid,2022-01-01
3810,4,,2022-01-01,Tax,2213.29,Paid,2022-01-01
3811,4,,2022-01-31,Utility,544.43,Paid,2022-01-31
3812,4,,2022-01-31,Tax,1891.71,Paid,2022-01-31
3813,4,,2022-03-02,Utility,615.93,Paid,2022-03-02
3814,4,,2022-04-01,Utility,391.89,Paid,2022-04-01
3815,4,,2022-05-01,Utility,561.59,Paid,2022-05-01
3816,4,,2022-05-31,Utility,559.31,Paid,2022-05-31
3817,4,,2022-06-30,Utility,469.05,Paid,2022-06-30
3818,4,,2022-07-30,Utility,532.61,Paid,2022-07-30
3819,4,,2022-08-29,Utility,374.89,Paid,2022-08-29
3820,4,,2022-09-28,Utility,592.4,Paid,2022-09-28
3821,4,,2022-10-28,Utility,481.51,Paid,2022-10-28
3822,4,,2022-11-27,Utility,447.73,Paid,2022-11-27
3823,4,,2022-12-27,Utility,604.9,Paid,2022-12-27
3824,4,,2023-01-26,Utility,429.57,Paid,2023-01-26
3825,4,,2023-01-26,Tax,1577.46,Paid,2023-01-26
3826,4,,2023-02-25,Utility,344.34,Paid,2023-02-25
3827,4,,2023-03-27,Utility,560.6,Paid,2023-03-27
3828,4,,2023-04-26,Utility,371.96,Paid,2023-04-26
3829,4,,2023-05-26,Utility,675.48,Paid,2023-05-26
3830,4,,2023-06-25,Utility,291.81,Paid,2023-06-25
3831,4,,2023-07-25,Utility,669.65,Paid,2023-07-25
3832,4,,2023-08-24,Utility,521.1,Paid,2023-08-24
3833,4,,2023-09-23,Utility,490.33,Paid,2023-09-23
3834,4,,2023-10-23,Utility,445.51,Paid,2023-10-23
3835,4,,2023-11-22,Utility,539.91,Paid,2023-11-22
3836,4,,2023-12-22,Utility,496.24,Paid,2023-12-22
3837,4,,2024-01-21,Utility,610.33,Paid,2024-01-21
3838,4,,2024-01-21,Tax,2034.27,Paid,2024-01-21
3839,4,,2024-02-20,Utility,515.03,Paid,2024-02-20
3840,4,,2024-03-21,Utility,463.64,Paid,2024-03-21
3841,4,,2024-04-20,Utility,494.31,Paid,2024-04-20
3842,4,,2024-05-20,Utility,530.78,Paid,2024-05-20
3843,4,,2024-06-19,Utility,328.98,Paid,2024-06-19
3844,4,,2024-07-19,Utility,365.18,Paid,2024-07-19
3845,4,,2024-08-18,Utility,574.33,Paid,2024-08-18
3846,4,,2024-09-17,Utility,517.09,Paid,2024-09-17
3847,4,,2024-10-17,Utility,481.6,Paid,2024-10-17
3848,4,,2024-11-16,Utility,501.84,Paid,2024-11-16
3849,4,,2024-12-16,Utility,534.76,Paid,2024-12-16
3850,5,,2022-01-01,Utility,446.02,Paid,2022-01-01
3851,5,,2022-01-01,Tax,1766.51,Paid,2022-01-01
3852,5,,2022-01-31,Utility,519.58,Paid,2022-01-31
3853,5,,2022-01-31,Tax,1706.49,Paid,2022-01-31
3854,5,,2022-03-02,Utility,540.83,Paid,2022-03-02
3855,5,,2022-04-01,Utility,329.74,Paid,2022-04-01
3856,5,,2022-05-01,Utility,602.92,Paid,2022-05-01
3857,5,,2022-05-31,Utility,547.26,Paid,2022-05-31
3858,5,,2022-06-30,Utility,525.6,Paid,2022-06-30
3859,5,,2022-07-30,Utility,598.27,Paid,2022-07-30
3860,5,,2022-08-29,Utility,666.55,Paid,2022-08-29
3861,5,,2022-09-28,Utility,601.44,Paid,2022-09-28
3862,5,,2022-10-28,Utility,315.91,Paid,2022-10-28
3863,5,,2022-11-27,Utility,372.04,Paid,2022-11-27
3864,5,,2022-12-27,Utility,437.52,Paid,2022-12-27
3865,5,,2023-01-26,Utility,502.61,Paid,2023-01-26
3866,5,,2023-01-26,Tax,2155.3,Paid,2023-01-26
3867,5,,2023-02-25,Utility,427.43,Paid,2023-02-25
3868,5,,2023-03-27,Utility,518.68,Paid,2023-03-27
3869,5,,2023-04-26,Utility,424.46,Paid,2023-04-26
3870,5,,2023-05-26,Utility,438.85,Paid,2023-05-26
3871,5,,2023-06-25,Utility,359.33,Paid,2023-06-25
3872,5,,2023-07-25,Utility,407.68,Paid,2023-07-25
3873,5,,2023-08-24,Utility,364.83,Paid,2023-08-24
3874,5,,2023-09-23,Utility,402.41,Paid,2023-09-23
3875,5,,2023-10-23,Utility,605.36,Paid,2023-10-23
3876,5,,2023-11-22,Utility,405.06,Paid,2023-11-22
3877,5,,2023-12-22,Utility,763.24,Paid,2023-12-22
3878,5,,2024-01-21,Utility,549.33,Paid,2024-01-21
3879,5,,2024-01-21,Tax,2055.45,Paid,2024-01-21
3880,5,,2024-02-20,Utility,414.16,Paid,2024-02-20
3881,5,,2024-03-21,Utility,570.03,Paid,2024-03-21
3882,5,,2024-04-20,Utility,442.44,Paid,2024-04-20
3883,5,,2024-05-20,Utility,512.2,Paid,2024-05-20
3884,5,,2024-06-19,Utility,756.01,Paid,2024-06-19
3885,5,,2024-07-19,Utility,490.39,Paid,2024-07-19
3886,5,,2024-08-18,Utility,614.93,Paid,2024-08-18
3887,5,,2024-09-17,Utility,429.68,Paid,2024-09-17
3888,5,,2024-10-17,Utility,496.5,Paid,2024-10-17
3889,5,,2024-11-16,Utility,677.08,Paid,2024-11-16
3890,5,,2024-12-16,Utility,437.3,Paid,2024-12-16
3891,6,,2022-01-01,Utility,681.24,Paid,2022-01-01
3892,6,,2022-01-01,Tax,2212.33,Paid,2022-01-01
3893,6,,2022-01-31,Utility,443.75,Paid,2022-01-31
3894,6,,2022-01-31,Tax,2189.72,Paid,2022-01-31
3895,6,,2022-03-02,Utility,597.26,Paid,2022-03-02
3896,6,,2022-04-01,Utility,562.18,Paid,2022-04-01
3897,6,,2022-05-01,Utility,342.98,Paid,2022-05-01
3898,6,,2022-05-31,Utility,427.29,Paid,2022-05-31
3899,6,,2022-06-30,Utility,475.25,Paid,2022-06-30
3900,6,,2022-07-30,Utility,492.56,Paid,2022-07-30
3901,6,,2022-08-29,Utility,562.07,Paid,2022-08-29
3902,6,,2022-09-28,Utility,517.77,Paid,2022-09-28
3903,6,,2022-10-28,Utility,366.47,Paid,2022-10-28
3904,6,,2022-11-27,Utility,538.02,Paid,2022-11-27
3905,6,,2022-12-27,Utility,561.06,Paid,2022-12-27
3906,6,,2023-01-26,Utility,555.98,Paid,2023-01-26
3907,6,,2023-01-26,Tax,2324.23,Paid,2023-01-26
3908,6,,2023-02-25,Utility,583.39,Paid,2023-02-25
3909,6,,2023-03-27,Utility,545.92,Paid,2023-03-27
3910,6,,2023-04-26,Utility,492.98,Paid,2023-04-26
3911,6,,2023-05-26,Utility,333.9,Paid,2023-05-26
3912,6,,2023-06-25,Utility,542.96,Paid,2023-06-25
3913,6,,2023-07-25,Utility,520.77,Paid,2023-07-25
3914,6,,2023-08-24,Utility,527.16,Paid,2023-08-24
3915,6,,2023-09-23,Utility,372.33,Paid,2023-09-23
3916,6,,2023-10-23,Utility,391.89,Paid,2023-10-23
3917,6,,2023-11-22,Utility,605.32,Paid,2023-11-22
3918,6,,2023-12-22,Utility,496.04,Paid,2023-12-22
3919,6,,2024-01-21,Utility,568.15,Paid,2024-01-21
3920,6,,2024-01-21,Tax,2008.5,Paid,2024-01-21
3921,6,,2024-02-20,Utility,502.98,Paid,2024-02-20
3922,6,,2024-03-21,Utility,593.83,Paid,2024-03-21
3923,6,,2024-04-20,Utility,448.4,Paid,2024-04-20
3924,6,,2024-05-20,Utility,509.61,Paid,2024-05-20
3925,6,,2024-06-19,Utility,453.77,Paid,2024-06-19
3926,6,,2024-07-19,Utility,456.55,Paid,2024-07-19
3927,6,,2024-08-18,Utility,469.08,Paid,2024-08-18
3928,6,,2024-09-17,Utility,522.21,Paid,2024-09-17
3929,6,,2024-10-17,Utility,452.13,Paid,2024-10-17
3930,6,,2024-11-16,Utility,625.58,Paid,2024-11-16
3931,6,,2024-12-16,Utility,410.54,Paid,2024-12-16
3932,7,,2022-01-01,Utility,481.31,Paid,2022-01-01
3933,7,,2022-01-01,Tax,1868.08,Paid,2022-01-01
3934,7,,2022-01-31,Utility,644.7,Paid,2022-01-31
3935,7,,2022-01-31,Tax,2058.97,Paid,2022-01-31
3936,7,,2022-03-02,Utility,603.18,Paid,2022-03-02
3937,7,,2022-04-01,Utility,351.44,Paid,2022-04-01
3938,7,,2022-05-01,Utility,526.71,Paid,2022-05-01
3939,7,,2022-05-31,Utility,588.96,Paid,2022-05-31
3940,7,,2022-06-30,Utility,508.23,Paid,2022-06-30
3941,7,,2022-07-30,Utility,606.55,Paid,2022-07-30
3942,7,,2022-08-29,Utility,448.27,Paid,2022-08-29
3943,7,,2022-09-28,Utility,640.93,Paid,2022-09-28
3944,7,,2022-10-28,Utility,729.89,Paid,2022-10-28
3945,7,,2022-11-27,Utility,463.72,Paid,2022-11-27
3946,7,,2022-12-27,Utility,455.45,Paid,2022-12-27
3947,7,,2023-01-26,Utility,645.34,Paid,2023-01-26
3948,7,,2023-01-26,Tax,2473.87,Paid,2023-01-26
3949,7,,2023-02-25,Utility,447.71,Paid,2023-02-25
3950,7,,2023-03-27,Utility,457.98,Paid,2023-03-27
3951,7,,2023-04-26,Utility,471.82,Paid,2023-04-26
3952,7,,2023-05-26,Utility,365.55,Paid,2023-05-26
3953,7,,2023-06-25,Utility,408.13,Paid,2023-06-25
3954,7,,2023-07-25,Utility,399.59,Paid,2023-07-25
3955,7,,2023-08-24,Utility,423.22,Paid,2023-08-24
3956,7,,2023-09-23,Utility,496.53,Paid,2023-09-23
3957,7,,2023-10-23,Utility,523.42,Paid,2023-10-23
3958,7,,2023-11-22,Utility,655.05,Paid,2023-11-22
3959,7,,2023-12-22,Utility,400.16,Paid,2023-12-22
3960,7,,2024-01-21,Utility,598.43,Paid,2024-01-21
3961,7,,2024-01-21,Tax,1935.8,Paid,2024-01-21
3962,7,,2024-02-20,Utility,495.05,Paid,2024-02-20
3963,7,,2024-03-21,Utility,567.48,Paid,2024-03-21
3964,7,,2024-04-20,Utility,387.73,Paid,2024-04-20
3965,7,,2024-05-20,Utility,538.24,Paid,2024-05-20
3966,7,,2024-06-19,Utility,516.65,Paid,2024-06-19
3967,7,,2024-07-19,Utility,549.25,Paid,2024-07-19
3968,7,,2024-08-18,Utility,528.92,Paid,2024-08-18
3969,7,,2024-09-17,Utility,745.53,Paid,2024-09-17
3970,7,,2024-10-17,Utility,436.23,Paid,2024-10-17
3971,7,,2024-11-16,Utility,446.9,Paid,2024-11-16
3972,7,,2024-12-16,Utility,437.69,Paid,2024-12-16
3973,8,,2022-01-01,Utility,444.45,Paid,2022-01-01
3974,8,,2022-01-01,Tax,1808.78,Paid,2022-01-01
3975,8,,2022-01-31,Utility,618.9,Paid,2022-01-31
3976,8,,2022-01-31,Tax,2426.15,Paid,2022-01-31
3977,8,,2022-03-02,Utility,442.93,Paid,2022-03-02
3978,8,,2022-04-01,Utility,416.76,Paid,2022-04-01
3979,8,,2022-05-01,Utility,547.14,Paid,2022-05-01
3980,8,,2022-05-31,Utility,444.78,Paid,2022-05-31
3981,8,,2022-06-30,Utility,563.29,Paid,2022-06-30
3982,8,,2022-07-30,Utility,520.29,Paid,2022-07-30
3983,8,,2022-08-29,Utility,348.43,Paid,2022-08-29
3984,8,,2022-09-28,Utility,654.75,Paid,2022-09-28
3985,8,,2022-10-28,Utility,679.59,Paid,2022-10-28
3986,8,,2022-11-27,Utility,438.72,Paid,2022-11-27
3987,8,,2022-12-27,Utility,461.23,Paid,2022-12-27
3988,8,,2023-01-26,Utility,528.59,Paid,2023-01-26
3989,8,,2023-01-26,Tax,2100.34,Paid,2023-01-26
3990,8,,2023-02-25,Utility,565.85,Paid,2023-02-25
3991,8,,2023-03-27,Utility,701.02,Paid,2023-03-27
3992,8,,2023-04-26,Utility,482.31,Paid,2023-04-26
3993,8,,2023-05-26,Utility,420.17,Paid,2023-05-26
3994,8,,2023-06-25,Utility,362.07,Paid,2023-06-25
3995,8,,2023-07-25,Utility,426.91,Paid,2023-07-25
3996,8,,2023-08-24,Utility,496.69,Paid,2023-08-24
3997,8,,2023-09-23,Utility,679.46,Paid,2023-09-23
3998,8,,2023-10-23,Utility,448.24,Paid,2023-10-23
3999,8,,2023-11-22,Utility,522.38,Paid,2023-11-22
4000,8,,2023-12-22,Utility,498.36,Paid,2023-12-22
4001,8,,2024-01-21,Utility,618.84,Paid,2024-01-21
4002,8,,2024-01-21,Tax,2758.08,Paid,2024-01-21
4003,8,,2024-02-20,Utility,446.91,Paid,2024-02-20
4004,8,,2024-03-21,Utility,451.06,Paid,2024-03-21
4005,8,,2024-04-20,Utility,604.42,Paid,2024-04-20
4006,8,,2024-05-20,Utility,568.19,Paid,2024-05-20
4007,8,,2024-06-19,Utility,684.67,Paid,2024-06-19
4008,8,,2024-07-19,Utility,558.39,Paid,2024-07-19
4009,8,,2024-08-18,Utility,464.07,Paid,2024-08-18
4010,8,,2024-09-17,Utility,559.07,Paid,2024-09-17
4011,8,,2024-10-17,Utility,610.87,Paid,2024-10-17
4012,8,,2024-11-16,Utility,582.05,Paid,2024-11-16
4013,8,,2024-12-16,Utility,550.73,Paid,2024-12-16
4014,9,,2022-01-01,Utility,606.67,Paid,2022-01-01
4015,9,,2022-01-01,Tax,2350.79,Paid,2022-01-01
4016,9,,2022-01-31,Utility,638.22,Paid,2022-01-31
4017,9,,2022-01-31,Tax,2194.61,Paid,2022-01-31
4018,9,,2022-03-02,Utility,483.29,Paid,2022-03-02
4019,9,,2022-04-01,Utility,514.67,Paid,2022-04-01
4020,9,,2022-05-01,Utility,620.65,Paid,2022-05-01
4021,9,,2022-05-31,Utility,418.31,Paid,2022-05-31
4022,9,,2022-06-30,Utility,536.87,Paid,2022-06-30
4023,9,,2022-07-30,Utility,460.67,Paid,2022-07-30
4024,9,,2022-08-29,Utility,502.87,Paid,2022-08-29
4025,9,,2022-09-28,Utility,627.85,Paid,2022-09-28
4026,9,,2022-10-28,Utility,519.11,Paid,2022-10-28
4027,9,,2022-11-27,Utility,504.64,Paid,2022-11-27
4028,9,,2022-12-27,Utility,364.01,Paid,2022-12-27
4029,9,,2023-01-26,Utility,574.63,Paid,2023-01-26
4030,9,,2023-01-26,Tax,2193.65,Paid,2023-01-26
4031,9,,2023-02-25,Utility,716.33,Paid,2023-02-25
4032,9,,2023-03-27,Utility,469.22,Paid,2023-03-27
4033,9,,2023-04-26,Utility,521.92,Paid,2023-04-26
4034,9,,2023-05-26,Utility,524.94,Paid,2023-05-26
4035,9,,2023-06-25,Utility,657.75,Paid,2023-06-25
4036,9,,2023-07-25,Utility,490.47,Paid,2023-07-25
4037,9,,2023-08-24,Utility,527.9,Paid,2023-08-24
4038,9,,2023-09-23,Utility,560.79,Paid,2023-09-23
4039,9,,2023-10-23,Utility,518.66,Paid,2023-10-23
4040,9,,2023-11-22,Utility,455.36,Paid,2023-11-22
4041,9,,2023-12-22,Utility,519.41,Paid,2023-12-22
4042,9,,2024-01-21,Utility,607.36,Paid,2024-01-21
4043,9,,2024-01-21,Tax,1692.05,Paid,2024-01-21
4044,9,,2024-02-20,Utility,513.3,Paid,2024-02-20
4045,9,,2024-03-21,Utility,429.99,Paid,2024-03-21
4046,9,,2024-04-20,Utility,619.5,Paid,2024-04-20
4047,9,,2024-05-20,Utility,347.68,Paid,2024-05-20
4048,9,,2024-06-19,Utility,444.11,Paid,2024-06-19
4049,9,,2024-07-19,Utility,537.72,Paid,2024-07-19
4050,9,,2024-08-18,Utility,656.55,Paid,2024-08-18
4051,9,,2024-09-17,Utility,493.42,Paid,2024-09-17
4052,9,,2024-10-17,Utility,444.48,Paid,2024-10-17
4053,9,,2024-11-16,Utility,688.12,Paid,2024-11-16
4054,9,,2024-12-16,Utility,355.2,Paid,2024-12-16
4055,10,,2022-01-01,Utility,280.12,Paid,2022-01-01
4056,10,,2022-01-01,Tax,2132.0,Paid,2022-01-01
4057,10,,2022-01-31,Utility,449.79,Paid,2022-01-31
4058,10,,2022-01-31,Tax,1693.63,Paid,2022-01-31
4059,10,,2022-03-02,Utility,570.84,Paid,2022-03-02
4060,10,,2022-04-01,Utility,524.38,Paid,2022-04-01
4061,10,,2022-05-01,Utility,443.59,Paid,2022-05-01
4062,10,,2022-05-31,Utility,371.97,Paid,2022-05-31
4063,10,,2022-06-30,Utility,587.25,Paid,2022-06-30
4064,10,,2022-07-30,Utility,565.02,Paid,2022-07-30
4065,10,,2022-08-29,Utility,490.08,Paid,2022-08-29
4066,10,,2022-09-28,Utility,684.66,Paid,2022-09-28
4067,10,,2022-10-28,Utility,392.99,Paid,2022-10-28
4068,10,,2022-11-27,Utility,347.45,Paid,2022-11-27
4069,10,,2022-12-27,Utility,430.81,Paid,2022-12-27
4070,10,,2023-01-26,Utility,495.44,Paid,2023-01-26
4071,10,,2023-01-26,Tax,2073.0,Paid,2023-01-26
4072,10,,2023-02-25,Utility,475.88,Paid,2023-02-25
4073,10,,2023-03-27,Utility,535.21,Paid,2023-03-27
4074,10,,2023-04-26,Utility,374.85,Paid,2023-04-26
4075,10,,2023-05-26,Utility,644.38,Paid,2023-05-26
4076,10,,2023-06-25,Utility,491.78,Paid,2023-06-25
4077,10,,2023-07-25,Utility,611.73,Paid,2023-07-25
4078,10,,2023-08-24,Utility,534.27,Paid,2023-08-24
4079,10,,2023-09-23,Utility,545.68,Paid,2023-09-23
4080,10,,2023-10-23,Utility,556.98,Paid,2023-10-23
4081,10,,2023-11-22,Utility,544.77,Paid,2023-11-22
4082,10,,2023-12-22,Utility,564.27,Paid,2023-12-22
4083,10,,2024-01-21,Utility,632.92,Paid,2024-01-21
4084,10,,2024-01-21,Tax,2058.96,Paid,2024-01-21
4085,10,,2024-02-20,Utility,570.9,Paid,2024-02-20
4086,10,,2024-03-21,Utility,491.03,Paid,2024-03-21
4087,10,,2024-04-20,Utility,644.01,Paid,2024-04-20
4088,10,,2024-05-20,Utility,432.36,Paid,2024-05-20
4089,10,,2024-06-19,Utility,680.09,Paid,2024-06-19
4090,10,,2024-07-19,Utility,495.98,Paid,2024-07-19
4091,10,,2024-08-18,Utility,356.92,Paid,2024-08-18
4092,10,,2024-09-17,Utility,512.81,Paid,2024-09-17
4093,10,,2024-10-17,Utility,431.89,Paid,2024-10-17
4094,10,,2024-11-16,Utility,584.06,Paid,2024-11-16
4095,10,,2024-12-16,Utility,434.74,Paid,2024-12-16
4096,11,,2022-01-01,Utility,455.38,Paid,2022-01-01
4097,11,,2022-01-01,Tax,1433.14,Paid,2022-01-01
4098,11,,2022-01-31,Utility,454.77,Paid,2022-01-31
4099,11,,2022-01-31,Tax,1272.84,Paid,2022-01-31
4100,11,,2022-03-02,Utility,341.61,Paid,2022-03-02
4101,11,,2022-04-01,Utility,576.04,Paid,2022-04-01
4102,11,,2022-05-01,Utility,578.58,Paid,2022-05-01
4103,11,,2022-05-31,Utility,542.55,Paid,2022-05-31
4104,11,,2022-06-30,Utility,403.3,Paid,2022-06-30
4105,11,,2022-07-30,Utility,495.23,Paid,2022-07-30
4106,11,,2022-08-29,Utility,499.64,Paid,2022-08-29
4107,11,,2022-09-28,Utility,384.16,Paid,2022-09-28
4108,11,,2022-10-28,Utility,650.34,Paid,2022-10-28
4109,11,,2022-11-27,Utility,587.74,Paid,2022-11-27
4110,11,,2022-12-27,Utility,477.9,Paid,2022-12-27
4111,11,,2023-01-26,Utility,502.69,Paid,2023-01-26
4112,11,,2023-01-26,Tax,2062.51,Paid,2023-01-26
4113,11,,2023-02-25,Utility,295.83,Paid,2023-02-25
4114,11,,2023-03-27,Utility,475.28,Paid,2023-03-27
4115,11,,2023-04-26,Utility,431.8,Paid,2023-04-26
4116,11,,2023-05-26,Utility,399.84,Paid,2023-05-26
4117,11,,2023-06-25,Utility,471.89,Paid,2023-06-25
4118,11,,2023-07-25,Utility,679.77,Paid,2023-07-25
4119,11,,2023-08-24,Utility,564.08,Paid,2023-08-24
4120,11,,2023-09-23,Utility,442.88,Paid,2023-09-23
4121,11,,2023-10-23,Utility,557.26,Paid,2023-10-23
4122,11,,2023-11-22,Utility,639.94,Paid,2023-11-22
4123,11,,2023-12-22,Utility,592.46,Paid,2023-12-22
4124,11,,2024-01-21,Utility,505.96,Paid,2024-01-21
4125,11,,2024-01-21,Tax,1805.92,Paid,2024-01-21
4126,11,,2024-02-20,Utility,569.82,Paid,2024-02-20
4127,11,,2024-03-21,Utility,539.35,Paid,2024-03-21
4128,11,,2024-04-20,Utility,589.52,Paid,2024-04-20
4129,11,,2024-05-20,Utility,563.52,Paid,2024-05-20
4130,11,,2024-06-19,Utility,604.96,Paid,2024-06-19
4131,11,,2024-07-19,Utility,446.48,Paid,2024-07-19
4132,11,,2024-08-18,Utility,631.74,Paid,2024-08-18
4133,11,,2024-09-17,Utility,519.76,Paid,2024-09-17
4134,11,,2024-10-17,Utility,707.53,Paid,2024-10-17
4135,11,,2024-11-16,Utility,431.08,Paid,2024-11-16
4136,11,,2024-12-16,Utility,673.6,Paid,2024-12-16
4137,12,,2022-01-01,Utility,519.79,Paid,2022-01-01
4138,12,,2022-01-01,Tax,1804.57,Paid,2022-01-01
4139,12,,2022-01-31,Utility,451.61,Paid,2022-01-31
4140,12,,2022-01-31,Tax,1903.9,Paid,2022-01-31
4141,12,,2022-03-02,Utility,542.42,Paid,2022-03-02
4142,12,,2022-04-01,Utility,552.28,Paid,2022-04-01
4143,12,,2022-05-01,Utility,442.63,Paid,2022-05-01
4144,12,,2022-05-31,Utility,497.56,Paid,2022-05-31
4145,12,,2022-06-30,Utility,714.23,Paid,2022-06-30
4146,12,,2022-07-30,Utility,672.75,Paid,2022-07-30
4147,12,,2022-08-29,Utility,543.63,Paid,2022-08-29
4148,12,,2022-09-28,Utility,503.8,Paid,2022-09-28
4149,12,,2022-10-28,Utility,512.0,Paid,2022-10-28
4150,12,,2022-11-27,Utility,561.35,Paid,2022-11-27
4151,12,,2022-12-27,Utility,397.72,Paid,2022-12-27
4152,12,,2023-01-26,Utility,474.26,Paid,2023-01-26
4153,12,,2023-01-26,Tax,1499.42,Paid,2023-01-26
4154,12,,2023-02-25,Utility,539.92,Paid,2023-02-25
4155,12,,2023-03-27,Utility,564.72,Paid,2023-03-27
4156,12,,2023-04-26,Utility,451.68,Paid,2023-04-26
4157,12,,2023-05-26,Utility,657.4,Paid,2023-05-26
4158,12,,2023-06-25,Utility,377.42,Paid,2023-06-25
4159,12,,2023-07-25,Utility,353.56,Paid,2023-07-25
4160,12,,2023-08-24,Utility,522.45,Paid,2023-08-24
4161,12,,2023-09-23,Utility,604.71,Paid,2023-09-23
4162,12,,2023-10-23,Utility,668.39,Paid,2023-10-23
4163,12,,2023-11-22,Utility,454.11,Paid,2023-11-22
4164,12,,2023-12-22,Utility,607.87,Paid,2023-12-22
4165,12,,2024-01-21,Utility,496.15,Paid,2024-01-21
4166,12,,2024-01-21,Tax,1948.21,Paid,2024-01-21
4167,12,,2024-02-20,Utility,588.37,Paid,2024-02-20
4168,12,,2024-03-21,Utility,565.23,Paid,2024-03-21
4169,12,,2024-04-20,Utility,342.36,Paid,2024-04-20
4170,12,,2024-05-20,Utility,647.65,Paid,2024-05-20
4171,12,,2024-06-19,Utility,638.01,Paid,2024-06-19
4172,12,,2024-07-19,Utility,437.44,Paid,2024-07-19
4173,12,,2024-08-18,Utility,539.58,Paid,2024-08-18
4174,12,,2024-09-17,Utility,549.4,Paid,2024-09-17
4175,12,,2024-10-17,Utility,526.07,Paid,2024-10-17
4176,12,,2024-11-16,Utility,444.97,Paid,2024-11-16
4177,12,,2024-12-16,Utility,432.84,Paid,2024-12-16
4178,13,,2022-01-01,Utility,497.44,Paid,2022-01-01
4179,13,,2022-01-01,Tax,2351.82,Paid,2022-01-01
4180,13,,2022-01-31,Utility,554.36,Paid,2022-01-31
4181,13,,2022-01-31,Tax,1888.82,Paid,2022-01-31
4182,13,,2022-03-02,Utility,577.17,Paid,2022-03-02
4183,13,,2022-04-01,Utility,215.15,Paid,2022-04-01
4184,13,,2022-05-01,Utility,614.88,Paid,2022-05-01
4185,13,,2022-05-31,Utility,326.03,Paid,2022-05-31
4186,13,,2022-06-30,Utility,463.76,Paid,2022-06-30
4187,13,,2022-07-30,Utility,388.03,Paid,2022-07-30
4188,13,,2022-08-29,Utility,370.53,Paid,2022-08-29
4189,13,,2022-09-28,Utility,616.08,Paid,2022-09-28
4190,13,,2022-10-28,Utility,453.23,Paid,2022-10-28
4191,13,,2022-11-27,Utility,534.65,Paid,2022-11-27
4192,13,,2022-12-27,Utility,495.31,Paid,2022-12-27
4193,13,,2023-01-26,Utility,547.7,Paid,2023-01-26
4194,13,,2023-01-26,Tax,2023.05,Paid,2023-01-26
4195,13,,2023-02-25,Utility,371.7,Paid,2023-02-25
4196,13,,2023-03-27,Utility,599.63,Paid,2023-03-27
4197,13,,2023-04-26,Utility,450.62,Paid,2023-04-26
4198,13,,2023-05-26,Utility,344.34,Paid,2023-05-26
4199,13,,2023-06-25,Utility,457.19,Paid,2023-06-25
4200,13,,2023-07-25,Utility,650.08,Paid,2023-07-25
4201,13,,2023-08-24,Utility,585.02,Paid,2023-08-24
4202,13,,2023-09-23,Utility,465.13,Paid,2023-09-23
4203,13,,2023-10-23,Utility,465.07,Paid,2023-10-23
4204,13,,2023-11-22,Utility,467.84,Paid,2023-11-22
4205,13,,2023-12-22,Utility,707.67,Paid,2023-12-22
4206,13,,2024-01-21,Utility,538.19,Paid,2024-01-21
4207,13,,2024-01-21,Tax,2129.01,Paid,2024-01-21
4208,13,,2024-02-20,Utility,603.03,Paid,2024-02-20
4209,13,,2024-03-21,Utility,523.88,Paid,2024-03-21
4210,13,,2024-04-20,Utility,474.1,Paid,2024-04-20
4211,13,,2024-05-20,Utility,480.37,Paid,2024-05-20
4212,13,,2024-06-19,Utility,492.84,Paid,2024-06-19
4213,13,,2024-07-19,Utility,496.28,Paid,2024-07-19
4214,13,,2024-08-18,Utility,572.76,Paid,2024-08-18
4215,13,,2024-09-17,Utility,505.19,Paid,2024-09-17
4216,13,,2024-10-17,Utility,573.26,Paid,2024-10-17
4217,13,,2024-11-16,Utility,491.93,Paid,2024-11-16
4218,13,,2024-12-16,Utility,507.86,Paid,2024-12-16
4219,14,,2022-01-01,Utility,300.18,Paid,2022-01-01
4220,14,,2022-01-01,Tax,2274.9,Paid,2022-01-01
4221,14,,2022-01-31,Utility,534.65,Paid,2022-01-31
4222,14,,2022-01-31,Tax,2299.4,Paid,2022-01-31
4223,14,,2022-03-02,Utility,210.37,Paid,2022-03-02
4224,14,,2022-04-01,Utility,708.84,Paid,2022-04-01
4225,14,,2022-05-01,Utility,486.04,Paid,2022-05-01
4226,14,,2022-05-31,Utility,610.82,Paid,2022-05-31
4227,14,,2022-06-30,Utility,396.01,Paid,2022-06-30
4228,14,,2022-07-30,Utility,561.28,Paid,2022-07-30
4229,14,,2022-08-29,Utility,394.66,Paid,2022-08-29
4230,14,,2022-09-28,Utility,437.62,Paid,2022-09-28
4231,14,,2022-10-28,Utility,691.4,Paid,2022-10-28
4232,14,,2022-11-27,Utility,480.93,Paid,2022-11-27
4233,14,,2022-12-27,Utility,521.74,Paid,2022-12-27
4234,14,,2023-01-26,Utility,587.01,Paid,2023-01-26
4235,14,,2023-01-26,Tax,2148.7,Paid,2023-01-26
4236,14,,2023-02-25,Utility,515.04,Paid,2023-02-25
4237,14,,2023-03-27,Utility,536.5,Paid,2023-03-27
4238,14,,2023-04-26,Utility,740.34,Paid,2023-04-26
4239,14,,2023-05-26,Utility,494.24,Paid,2023-05-26
4240,14,,2023-06-25,Utility,520.11,Paid,2023-06-25
4241,14,,2023-07-25,Utility,605.07,Paid,2023-07-25
4242,14,,2023-08-24,Utility,610.55,Paid,2023-08-24
4243,14,,2023-09-23,Utility,618.7,Paid,2023-09-23
4244,14,,2023-10-23,Utility,563.87,Paid,2023-10-23
4245,14,,2023-11-22,Utility,385.7,Paid,2023-11-22
4246,14,,2023-12-22,Utility,663.34,Paid,2023-12-22
4247,14,,2024-01-21,Utility,385.37,Paid,2024-01-21
4248,14,,2024-01-21,Tax,2090.79,Paid,2024-01-21
4249,14,,2024-02-20,Utility,424.57,Paid,2024-02-20
4250,14,,2024-03-21,Utility,493.59,Paid,2024-03-21
4251,14,,2024-04-20,Utility,532.88,Paid,2024-04-20
4252,14,,2024-05-20,Utility,532.14,Paid,2024-05-20
4253,14,,2024-06-19,Utility,542.19,Paid,2024-06-19
4254,14,,2024-07-19,Utility,661.37,Paid,2024-07-19
4255,14,,2024-08-18,Utility,545.35,Paid,2024-08-18
4256,14,,2024-09-17,Utility,475.58,Paid,2024-09-17
4257,14,,2024-10-17,Utility,596.41,Paid,2024-10-17
4258,14,,2024-11-16,Utility,618.95,Paid,2024-11-16
4259,14,,2024-12-16,Utility,377.24,Paid,2024-12-16
4260,15,,2022-01-01,Utility,559.74,Paid,2022-01-01
4261,15,,2022-01-01,Tax,2210.35,Paid,2022-01-01
4262,15,,2022-01-31,Utility,470.24,Paid,2022-01-31
4263,15,,2022-01-31,Tax,2412.71,Paid,2022-01-31
4264,15,,2022-03-02,Utility,484.99,Paid,2022-03-02
4265,15,,2022-04-01,Utility,512.56,Paid,2022-04-01
4266,15,,2022-05-01,Utility,482.69,Paid,2022-05-01
4267,15,,2022-05-31,Utility,501.56,Paid,2022-05-31
4268,15,,2022-06-30,Utility,390.37,Paid,2022-06-30
4269,15,,2022-07-30,Utility,355.99,Paid,2022-07-30
4270,15,,2022-08-29,Utility,659.45,Paid,2022-08-29
4271,15,,2022-09-28,Utility,415.3,Paid,2022-09-28
4272,15,,2022-10-28,Utility,400.86,Paid,2022-10-28
4273,15,,2022-11-27,Utility,284.66,Paid,2022-11-27
4274,15,,2022-12-27,Utility,436.1,Paid,2022-12-27
4275,15,,2023-01-26,Utility,367.69,Paid,2023-01-26
4276,15,,2023-01-26,Tax,2492.6,Paid,2023-01-26
4277,15,,2023-02-25,Utility,600.98,Paid,2023-02-25
4278,15,,2023-03-27,Utility,431.18,Paid,2023-03-27
4279,15,,2023-04-26,Utility,725.24,Paid,2023-04-26
4280,15,,2023-05-26,Utility,598.18,Paid,2023-05-26
4281,15,,2023-06-25,Utility,467.52,Paid,2023-06-25
4282,15,,2023-07-25,Utility,250.06,Paid,2023-07-25
4283,15,,2023-08-24,Utility,729.09,Paid,2023-08-24
4284,15,,2023-09-23,Utility,361.04,Paid,2023-09-23
4285,15,,2023-10-23,Utility,335.46,Paid,2023-10-23
4286,15,,2023-11-22,Utility,602.26,Paid,2023-11-22
4287,15,,2023-12-22,Utility,743.98,Paid,2023-12-22
4288,15,,2024-01-21,Utility,638.43,Paid,2024-01-21
4289,15,,2024-01-21,Tax,2169.17,Paid,2024-01-21
4290,15,,2024-02-20,Utility,559.48,Paid,2024-02-20
4291,15,,2024-03-21,Utility,585.34,Paid,2024-03-21
4292,15,,2024-04-20,Utility,575.89,Paid,2024-04-20
4293,15,,2024-05-20,Utility,528.12,Paid,2024-05-20
4294,15,,2024-06-19,Utility,510.42,Paid,2024-06-19
4295,15,,2024-07-19,Utility,493.74,Paid,2024-07-19
4296,15,,2024-08-18,Utility,424.6,Paid,2024-08-18
4297,15,,2024-09-17,Utility,471.93,Paid,2024-09-17
4298,15,,2024-10-17,Utility,330.7,Paid,2024-10-17
4299,15,,2024-11-16,Utility,490.17,Paid,2024-11-16
4300,15,,2024-12-16,Utility,401.14,Paid,2024-12-16
4301,16,,2022-01-01,Utility,389.64,Paid,2022-01-01
4302,16,,2022-01-01,Tax,2053.97,Paid,2022-01-01
4303,16,,2022-01-31,Utility,639.2,Paid,2022-01-31
4304,16,,2022-01-31,Tax,2275.49,Paid,2022-01-31
4305,16,,2022-03-02,Utility,342.95,Paid,2022-03-02
4306,16,,2022-04-01,Utility,401.04,Paid,2022-04-01
4307,16,,2022-05-01,Utility,594.08,Paid,2022-05-01
4308,16,,2022-05-31,Utility,401.75,Paid,2022-05-31
4309,16,,2022-06-30,Utility,477.54,Paid,2022-06-30
4310,16,,2022-07-30,Utility,555.01,Paid,2022-07-30
4311,16,,2022-08-29,Utility,403.17,Paid,2022-08-29
4312,16,,2022-09-28,Utility,510.54,Paid,2022-09-28
4313,16,,2022-10-28,Utility,366.6,Paid,2022-10-28
4314,16,,2022-11-27,Utility,439.86,Paid,2022-11-27
4315,16,,2022-12-27,Utility,531.98,Paid,2022-12-27
4316,16,,2023-01-26,Utility,340.7,Paid,2023-01-26
4317,16,,2023-01-26,Tax,2132.14,Paid,2023-01-26
4318,16,,2023-02-25,Utility,498.04,Paid,2023-02-25
4319,16,,2023-03-27,Utility,555.25,Paid,2023-03-27
4320,16,,2023-04-26,Utility,522.39,Paid,2023-04-26
4321,16,,2023-05-26,Utility,636.41,Paid,2023-05-26
4322,16,,2023-06-25,Utility,512.52,Paid,2023-06-25
4323,16,,2023-07-25,Utility,457.06,Paid,2023-07-25
4324,16,,2023-08-24,Utility,512.23,Paid,2023-08-24
4325,16,,2023-09-23,Utility,554.33,Paid,2023-09-23
4326,16,,2023-10-23,Utility,504.89,Paid,2023-10-23
4327,16,,2023-11-22,Utility,504.06,Paid,2023-11-22
4328,16,,2023-12-22,Utility,429.8,Paid,2023-12-22
4329,16,,2024-01-21,Utility,433.71,Paid,2024-01-21
4330,16,,2024-01-21,Tax,1579.22,Paid,2024-01-21
4331,16,,2024-02-20,Utility,674.96,Paid,2024-02-20
4332,16,,2024-03-21,Utility,375.61,Paid,2024-03-21
4333,16,,2024-04-20,Utility,430.71,Paid,2024-04-20
4334,16,,2024-05-20,Utility,428.16,Paid,2024-05-20
4335,16,,2024-06-19,Utility,589.49,Paid,2024-06-19
4336,16,,2024-07-19,Utility,470.51,Paid,2024-07-19
4337,16,,2024-08-18,Utility,624.77,Paid,2024-08-18
4338,16,,2024-09-17,Utility,432.65,Paid,2024-09-17
4339,16,,2024-10-17,Utility,527.9,Paid,2024-10-17
4340,16,,2024-11-16,Utility,416.47,Paid,2024-11-16
4341,16,,2024-12-16,Utility,714.51,Paid,2024-12-16
4342,17,,2022-01-01,Utility,381.24,Paid,2022-01-01
4343,17,,2022-01-01,Tax,2092.95,Paid,2022-01-01
4344,17,,2022-01-31,Utility,563.38,Paid,2022-01-31
4345,17,,2022-01-31,Tax,2124.14,Paid,2022-01-31
4346,17,,2022-03-02,Utility,481.47,Paid,2022-03-02
4347,17,,2022-04-01,Utility,487.02,Paid,2022-04-01
4348,17,,2022-05-01,Utility,504.38,Paid,2022-05-01
4349,17,,2022-05-31,Utility,485.3,Paid,2022-05-31
4350,17,,2022-06-30,Utility,596.39,Paid,2022-06-30
4351,17,,2022-07-30,Utility,721.05,Paid,2022-07-30
4352,17,,2022-08-29,Utility,444.25,Paid,2022-08-29
4353,17,,2022-09-28,Utility,363.02,Paid,2022-09-28
4354,17,,2022-10-28,Utility,491.17,Paid,2022-10-28
4355,17,,2022-11-27,Utility,757.97,Paid,2022-11-27
4356,17,,2022-12-27,Utility,419.63,Paid,2022-12-27
4357,17,,2023-01-26,Utility,663.91,Paid,2023-01-26
4358,17,,2023-01-26,Tax,2503.31,Paid,2023-01-26
4359,17,,2023-02-25,Utility,444.64,Paid,2023-02-25
4360,17,,2023-03-27,Utility,556.9,Paid,2023-03-27
4361,17,,2023-04-26,Utility,662.84,Paid,2023-04-26
4362,17,,2023-05-26,Utility,462.09,Paid,2023-05-26
4363,17,,2023-06-25,Utility,479.64,Paid,2023-06-25
4364,17,,2023-07-25,Utility,441.83,Paid,2023-07-25
4365,17,,2023-08-24,Utility,398.52,Paid,2023-08-24
4366,17,,2023-09-23,Utility,435.07,Paid,2023-09-23
4367,17,,2023-10-23,Utility,377.61,Paid,2023-10-23
4368,17,,2023-11-22,Utility,503.41,Paid,2023-11-22
4369,17,,2023-12-22,Utility,423.0,Paid,2023-12-22
4370,17,,2024-01-21,Utility,523.38,Paid,2024-01-21
4371,17,,2024-01-21,Tax,1533.23,Paid,2024-01-21
4372,17,,2024-02-20,Utility,533.09,Paid,2024-02-20
4373,17,,2024-03-21,Utility,583.35,Paid,2024-03-21
4374,17,,2024-04-20,Utility,300.63,Paid,2024-04-20
4375,17,,2024-05-20,Utility,537.41,Paid,2024-05-20
4376,17,,2024-06-19,Utility,622.77,Paid,2024-06-19
4377,17,,2024-07-19,Utility,379.04,Paid,2024-07-19
4378,17,,2024-08-18,Utility,667.26,Paid,2024-08-18
4379,17,,2024-09-17,Utility,541.9,Paid,2024-09-17
4380,17,,2024-10-17,Utility,429.5,Paid,2024-10-17
4381,17,,2024-11-16,Utility,494.42,Paid,2024-11-16
4382,17,,2024-12-16,Utility,555.83,Paid,2024-12-16
4383,18,,2022-01-01,Utility,507.6,Paid,2022-01-01
4384,18,,2022-01-01,Tax,2161.63,Paid,2022-01-01
4385,18,,2022-01-31,Utility,407.93,Paid,2022-01-31
4386,18,,2022-01-31,Tax,2050.81,Paid,2022-01-31
4387,18,,2022-03-02,Utility,358.63,Paid,2022-03-02
4388,18,,2022-04-01,Utility,488.88,Paid,2022-04-01
4389,18,,2022-05-01,Utility,409.61,Paid,2022-05-01
4390,18,,2022-05-31,Utility,426.45,Paid,2022-05-31
4391,18,,2022-06-30,Utility,623.61,Paid,2022-06-30
4392,18,,2022-07-30,Utility,609.13,Paid,2022-07-30
4393,18,,2022-08-29,Utility,560.91,Paid,2022-08-29
4394,18,,2022-09-28,Utility,390.77,Paid,2022-09-28
4395,18,,2022-10-28,Utility,468.36,Paid,2022-10-28
4396,18,,2022-11-27,Utility,621.31,Paid,2022-11-27
4397,18,,2022-12-27,Utility,514.17,Paid,2022-12-27
4398,18,,2023-01-26,Utility,731.93,Paid,2023-01-26
4399,18,,2023-01-26,Tax,2118.0,Paid,2023-01-26
4400,18,,2023-02-25,Utility,519.2,Paid,2023-02-25
4401,18,,2023-03-27,Utility,469.09,Paid,2023-03-27
4402,18,,2023-04-26,Utility,513.35,Paid,2023-04-26
4403,18,,2023-05-26,Utility,484.75,Paid,2023-05-26
4404,18,,2023-06-25,Utility,570.81,Paid,2023-06-25
4405,18,,2023-07-25,Utility,595.67,Paid,2023-07-25
4406,18,,2023-08-24,Utility,421.4,Paid,2023-08-24
4407,18,,2023-09-23,Utility,366.88,Paid,2023-09-23
4408,18,,2023-10-23,Utility,316.38,Paid,2023-10-23
4409,18,,2023-11-22,Utility,550.8,Paid,2023-11-22
4410,18,,2023-12-22,Utility,389.66,Paid,2023-12-22
4411,18,,2024-01-21,Utility,284.71,Paid,2024-01-21
4412,18,,2024-01-21,Tax,2116.57,Paid,2024-01-21
4413,18,,2024-02-20,Utility,749.3,Paid,2024-02-20
4414,18,,2024-03-21,Utility,499.39,Paid,2024-03-21
4415,18,,2024-04-20,Utility,583.85,Paid,2024-04-20
4416,18,,2024-05-20,Utility,508.18,Paid,2024-05-20
4417,18,,2024-06-19,Utility,490.11,Paid,2024-06-19
4418,18,,2024-07-19,Utility,591.91,Paid,2024-07-19
4419,18,,2024-08-18,Utility,470.97,Paid,2024-08-18
4420,18,,2024-09-17,Utility,526.74,Paid,2024-09-17
4421,18,,2024-10-17,Utility,532.17,Paid,2024-10-17
4422,18,,2024-11-16,Utility,433.19,Paid,2024-11-16
4423,18,,2024-12-16,Utility,599.2,Paid,2024-12-16
4424,19,,2022-01-01,Utility,482.5,Paid,2022-01-01
4425,19,,2022-01-01,Tax,1773.28,Paid,2022-01-01
4426,19,,2022-01-31,Utility,553.65,Paid,2022-01-31
4427,19,,2022-01-31,Tax,1730.46,Paid,2022-01-31
4428,19,,2022-03-02,Utility,502.82,Paid,2022-03-02
4429,19,,2022-04-01,Utility,499.09,Paid,2022-04-01
4430,19,,2022-05-01,Utility,608.59,Paid,2022-05-01
4431,19,,2022-05-31,Utility,547.47,Paid,2022-05-31
4432,19,,2022-06-30,Utility,497.5,Paid,2022-06-30
4433,19,,2022-07-30,Utility,581.78,Paid,2022-07-30
4434,19,,2022-08-29,Utility,639.02,Paid,2022-08-29
4435,19,,2022-09-28,Utility,555.78,Paid,2022-09-28
4436,19,,2022-10-28,Utility,501.04,Paid,2022-10-28
4437,19,,2022-11-27,Utility,368.82,Paid,2022-11-27
4438,19,,2022-12-27,Utility,393.49,Paid,2022-12-27
4439,19,,2023-01-26,Utility,469.48,Paid,2023-01-26
4440,19,,2023-01-26,Tax,1817.15,Paid,2023-01-26
4441,19,,2023-02-25,Utility,481.3,Paid,2023-02-25
4442,19,,2023-03-27,Utility,505.66,Paid,2023-03-27
4443,19,,2023-04-26,Utility,552.97,Paid,2023-04-26
4444,19,,2023-05-26,Utility,492.95,Paid,2023-05-26
4445,19,,2023-06-25,Utility,548.65,Paid,2023-06-25
4446,19,,2023-07-25,Utility,506.45,Paid,2023-07-25
4447,19,,2023-08-24,Utility,302.45,Paid,2023-08-24
4448,19,,2023-09-23,Utility,406.07,Paid,2023-09-23
4449,19,,2023-10-23,Utility,485.59,Paid,2023-10-23
4450,19,,2023-11-22,Utility,379.03,Paid,2023-11-22
4451,19,,2023-12-22,Utility,559.99,Paid,2023-12-22
4452,19,,2024-01-21,Utility,653.08,Paid,2024-01-21
4453,19,,2024-01-21,Tax,2365.63,Paid,2024-01-21
4454,19,,2024-02-20,Utility,478.66,Paid,2024-02-20
4455,19,,2024-03-21,Utility,649.07,Paid,2024-03-21
4456,19,,2024-04-20,Utility,514.87,Paid,2024-04-20
4457,19,,2024-05-20,Utility,466.29,Paid,2024-05-20
4458,19,,2024-06-19,Utility,438.66,Paid,2024-06-19
4459,19,,2024-07-19,Utility,469.75,Paid,2024-07-19
4460,19,,2024-08-18,Utility,461.18,Paid,2024-08-18
4461,19,,2024-09-17,Utility,517.04,Paid,2024-09-17
4462,19,,2024-10-17,Utility,516.06,Paid,2024-10-17
4463,19,,2024-11-16,Utility,500.3,Paid,2024-11-16
4464,19,,2024-12-16,Utility,543.69,Paid,2024-12-16
4465,20,,2022-01-01,Utility,619.06,Paid,2022-01-01
4466,20,,2022-01-01,Tax,2284.87,Paid,2022-01-01
4467,20,,2022-01-31,Utility,351.51,Paid,2022-01-31
4468,20,,2022-01-31,Tax,1233.82,Paid,2022-01-31
4469,20,,2022-03-02,Utility,593.43,Paid,2022-03-02
4470,20,,2022-04-01,Utility,363.31,Paid,2022-04-01
4471,20,,2022-05-01,Utility,477.52,Paid,2022-05-01
4472,20,,2022-05-31,Utility,382.99,Paid,2022-05-31
4473,20,,2022-06-30,Utility,319.8,Paid,2022-06-30
4474,20,,2022-07-30,Utility,554.15,Paid,2022-07-30
4475,20,,2022-08-29,Utility,575.92,Paid,2022-08-29
4476,20,,2022-09-28,Utility,442.35,Paid,2022-09-28
4477,20,,2022-10-28,Utility,240.9,Paid,2022-10-28
4478,20,,2022-11-27,Utility,445.38,Paid,2022-11-27
4479,20,,2022-12-27,Utility,539.18,Paid,2022-12-27
4480,20,,2023-01-26,Utility,352.11,Paid,2023-01-26
4481,20,,2023-01-26,Tax,2055.01,Paid,2023-01-26
4482,20,,2023-02-25,Utility,498.47,Paid,2023-02-25
4483,20,,2023-03-27,Utility,557.93,Paid,2023-03-27
4484,20,,2023-04-26,Utility,511.96,Paid,2023-04-26
4485,20,,2023-05-26,Utility,402.69,Paid,2023-05-26
4486,20,,2023-06-25,Utility,619.66,Paid,2023-06-25
4487,20,,2023-07-25,Utility,484.15,Paid,2023-07-25
4488,20,,2023-08-24,Utility,497.27,Paid,2023-08-24
4489,20,,2023-09-23,Utility,406.67,Paid,2023-09-23
4490,20,,2023-10-23,Utility,455.67,Paid,2023-10-23
4491,20,,2023-11-22,Utility,411.52,Paid,2023-11-22
4492,20,,2023-12-22,Utility,482.71,Paid,2023-12-22
4493,20,,2024-01-21,Utility,671.17,Paid,2024-01-21
4494,20,,2024-01-21,Tax,1588.43,Paid,2024-01-21
4495,20,,2024-02-20,Utility,338.64,Paid,2024-02-20
4496,20,,2024-03-21,Utility,647.12,Paid,2024-03-21
4497,20,,2024-04-20,Utility,479.07,Paid,2024-04-20
4498,20,,2024-05-20,Utility,433.09,Paid,2024-05-20
4499,20,,2024-06-19,Utility,603.99,Paid,2024-06-19
4500,20,,2024-07-19,Utility,439.44,Paid,2024-07-19
4501,20,,2024-08-18,Utility,682.6,Paid,2024-08-18
4502,20,,2024-09-17,Utility,567.79,Paid,2024-09-17
4503,20,,2024-10-17,Utility,451.21,Paid,2024-10-17
4504,20,,2024-11-16,Utility,715.73,Paid,2024-11-16
4505,20,,2024-12-16,Utility,439.43,Paid,2024-12-16
